Date & Time,Asset,Direction,Exit Signal,Raw Trade P&L (%),Scaled Portfolio P&L (%),Compounded Equity ($),High Water Mark ($),Drawdown (%)
2021-03-16 00:00:00,BTC,Long,Stop Loss,-12.52%,-3.756%,9624.4,10000.0,-3.76%
2021-03-23 00:00:00,LTC,Short,Exit Short (Green),0.68%,0.196%,9643.24,10000.0,-3.57%
2021-03-24 00:00:00,LTC,Short,🛑 SL,-0.95%,-0.274%,9616.87,10000.0,-3.83%
2021-03-25 04:00:00,ALGO,Short,Exit Short (Green),6.01%,1.730%,9783.27,10000.0,-2.17%
2021-03-25 08:00:00,DOGE,Short,Exit Short (Green),2.56%,0.737%,9855.37,10000.0,-1.45%
2021-03-25 08:00:00,LTC,Short,Exit Short (Green),3.93%,1.131%,9966.88,10000.0,-0.33%
2021-03-26 12:00:00,DOGE,Short,Exit Short (Green),-0.46%,-0.132%,9953.68,10000.0,-0.46%
2021-03-31 08:00:00,DOGE,Short,🛑 SL,-1.25%,-0.360%,9917.86,10000.0,-0.82%
2021-03-31 08:00:00,LTC,Short,🛑 SL,-0.95%,-0.274%,9890.73,10000.0,-1.09%
2021-03-31 16:00:00,DOGE,Short,🛑 SL,-1.25%,-0.360%,9855.14,10000.0,-1.45%
2021-04-18 00:00:00,BTC,Long,Stop Loss,-9.77%,-2.931%,9566.28,10000.0,-4.34%
2021-04-20 00:00:00,ALGO,Short,🛑 SL,-1.22%,-0.351%,9532.68,10000.0,-4.67%
2021-04-22 20:00:00,ADA,Short,💰 TP,9.90%,2.850%,9804.39,10000.0,-1.96%
2021-04-22 20:00:00,ALGO,Short,💰 TP,12.81%,3.688%,10165.97,10165.97,-0.00%
2021-04-25 16:00:00,LTC,Short,🛑 SL,-0.93%,-0.268%,10138.75,10165.97,-0.27%
2021-04-25 16:00:00,ALGO,Short,🛑 SL,-1.45%,-0.417%,10096.43,10165.97,-0.68%
2021-05-12 20:00:00,ALGO,Short,🛑 SL,-1.31%,-0.377%,10058.35,10165.97,-1.06%
2021-05-13 04:00:00,ALGO,Short,🛑 SL,-1.29%,-0.371%,10020.99,10165.97,-1.43%
2021-05-13 16:00:00,ALGO,Short,🛑 SL,-1.29%,-0.371%,9983.78,10165.97,-1.79%
2021-05-16 16:00:00,ALGO,Short,🛑 SL,-1.26%,-0.363%,9947.56,10165.97,-2.15%
2021-05-16 20:00:00,BNB,Short,💰 TP,7.96%,2.292%,10175.53,10175.53,-0.00%
2021-05-17 08:00:00,ALGO,Short,Exit Short (Green),-1.15%,-0.331%,10141.84,10175.53,-0.33%
2021-05-19 00:00:00,BNB,Short,💰 TP,9.44%,2.718%,10417.47,10417.47,-0.00%
2021-05-19 00:00:00,LTC,Short,🛑 SL,-1.00%,-0.288%,10387.48,10417.47,-0.29%
2021-05-19 04:00:00,LTC,Short,💰 TP,9.95%,2.865%,10685.04,10685.04,-0.00%
2021-05-19 04:00:00,ALGO,Short,💰 TP,13.79%,3.970%,11109.25,11109.25,-0.00%
2021-05-21 16:00:00,BNB,Short,🛑 SL,-1.75%,-0.504%,11053.28,11109.25,-0.50%
2021-05-23 08:00:00,ADA,Short,💰 TP,13.44%,3.869%,11480.97,11480.97,-0.00%
2021-05-23 08:00:00,DOGE,Short,🛑 SL,-1.52%,-0.438%,11430.73,11480.97,-0.44%
2021-05-23 12:00:00,BNB,Short,💰 TP,18.32%,5.274%,12033.62,12033.62,-0.00%
2021-05-23 12:00:00,LTC,Short,💰 TP,17.96%,5.171%,12655.84,12655.84,-0.00%
2021-05-23 20:00:00,ALGO,Short,Exit Short (Green),3.09%,0.890%,12768.43,12768.43,-0.00%
2021-05-24 00:00:00,ADA,Short,🛑 SL,-1.37%,-0.394%,12718.07,12768.43,-0.39%
2021-05-24 00:00:00,ALGO,Short,🛑 SL,-2.08%,-0.599%,12641.91,12768.43,-0.99%
2021-05-24 04:00:00,LTC,Short,🛑 SL,-1.82%,-0.524%,12575.67,12768.43,-1.51%
2021-05-27 20:00:00,DOGE,Short,🛑 SL,-1.53%,-0.440%,12520.27,12768.43,-1.94%
2021-05-28 08:00:00,BNB,Short,🛑 SL,-1.56%,-0.449%,12464.04,12768.43,-2.38%
2021-05-28 12:00:00,LTC,Short,Exit Short (Green),0.47%,0.135%,12480.91,12768.43,-2.25%
2021-05-28 12:00:00,ALGO,Short,Exit Short (Green),2.17%,0.625%,12558.88,12768.43,-1.64%
2021-05-28 12:00:00,DOGE,Short,Exit Short (Green),2.42%,0.697%,12646.38,12768.43,-0.96%
2021-05-29 04:00:00,ADA,Short,🛑 SL,-1.29%,-0.371%,12599.41,12768.43,-1.32%
2021-05-29 12:00:00,LTC,Short,🛑 SL,-1.73%,-0.498%,12536.66,12768.43,-1.82%
2021-05-29 16:00:00,DOGE,Short,Exit Short (Green),3.01%,0.867%,12645.3,12768.43,-0.96%
2021-05-29 20:00:00,ALGO,Short,Exit Short (Green),1.88%,0.541%,12713.74,12768.43,-0.43%
2021-05-29 20:00:00,ADA,Short,Exit Short (Green),3.11%,0.895%,12827.58,12827.58,-0.00%
2021-05-29 20:00:00,BNB,Short,Exit Short (Green),2.28%,0.656%,12911.78,12911.78,-0.00%
2021-05-30 00:00:00,DOGE,Short,🛑 SL,-1.69%,-0.487%,12848.96,12911.78,-0.49%
2021-05-30 00:00:00,LTC,Short,🛑 SL,-1.73%,-0.498%,12784.96,12911.78,-0.98%
2021-05-30 12:00:00,ALGO,Short,🛑 SL,-1.98%,-0.570%,12712.08,12911.78,-1.55%
2021-06-04 08:00:00,LTC,Short,Exit Short (Green),1.04%,0.299%,12750.14,12911.78,-1.25%
2021-06-04 12:00:00,LTC,Short,🛑 SL,-1.59%,-0.458%,12691.78,12911.78,-1.70%
2021-06-05 16:00:00,LTC,Short,🛑 SL,-1.66%,-0.478%,12631.12,12911.78,-2.17%
2021-06-05 20:00:00,ALGO,Short,🛑 SL,-1.66%,-0.478%,12570.76,12911.78,-2.64%
2021-06-07 20:00:00,ALGO,Short,🛑 SL,-1.68%,-0.484%,12509.96,12911.78,-3.11%
2021-06-08 04:00:00,BNB,Short,Exit Short (Green),6.47%,1.863%,12742.98,12911.78,-1.31%
2021-06-08 04:00:00,DOGE,Short,Exit Short (Green),9.60%,2.764%,13095.18,13095.18,-0.00%
2021-06-08 04:00:00,LTC,Short,Exit Short (Green),8.64%,2.487%,13420.91,13420.91,-0.00%
2021-06-11 20:00:00,BNB,Short,🛑 SL,-1.50%,-0.432%,13362.95,13420.91,-0.43%
2021-06-12 04:00:00,ADA,Short,Exit Short (Green),0.05%,0.014%,13364.88,13420.91,-0.42%
2021-06-12 04:00:00,ALGO,Short,Exit Short (Green),2.88%,0.829%,13475.69,13475.69,-0.00%
2021-06-12 04:00:00,LTC,Short,Exit Short (Green),3.01%,0.867%,13592.47,13592.47,-0.00%
2021-06-12 16:00:00,ALGO,Short,🛑 SL,-1.63%,-0.469%,13528.68,13592.47,-0.47%
2021-06-13 04:00:00,LTC,Short,Exit Short (Green),2.15%,0.619%,13612.42,13612.42,-0.00%
2021-06-16 12:00:00,DOGE,Short,🛑 SL,-1.83%,-0.527%,13540.71,13612.42,-0.53%
2021-06-16 20:00:00,DOGE,Short,🛑 SL,-1.83%,-0.527%,13469.37,13612.42,-1.05%
2021-06-17 16:00:00,LTC,Short,🛑 SL,-1.69%,-0.487%,13403.83,13612.42,-1.53%
2021-06-17 20:00:00,DOGE,Short,Exit Short (Green),-0.37%,-0.107%,13389.55,13612.42,-1.64%
2021-06-17 20:00:00,ADA,Short,Exit Short (Green),-0.58%,-0.167%,13367.2,13612.42,-1.80%
2021-06-18 04:00:00,ADA,Short,Exit Short (Green),-0.49%,-0.141%,13348.34,13612.42,-1.94%
2021-06-18 04:00:00,LTC,Short,Exit Short (Green),-0.79%,-0.227%,13317.98,13612.42,-2.16%
2021-06-18 20:00:00,BNB,Short,Exit Short (Green),1.79%,0.515%,13386.61,13612.42,-1.66%
2021-06-18 20:00:00,LTC,Short,Exit Short (Green),4.81%,1.385%,13571.99,13612.42,-0.30%
2021-06-18 20:00:00,ALGO,Short,Exit Short (Green),0.70%,0.202%,13599.34,13612.42,-0.10%
2021-06-19 20:00:00,ADA,Short,🛑 SL,-1.31%,-0.377%,13548.05,13612.42,-0.47%
2021-06-20 00:00:00,DOGE,Short,🛑 SL,-2.02%,-0.582%,13469.26,13612.42,-1.05%
2021-06-20 00:00:00,LTC,Short,Exit Short (Green),-1.38%,-0.397%,13415.75,13612.42,-1.44%
2021-06-20 00:00:00,BTC,Long,Stop Loss,-16.18%,-4.854%,12764.55,13612.42,-6.23%
2021-06-20 12:00:00,BNB,Short,Exit Short (Green),1.03%,0.297%,12802.4,13612.42,-5.95%
2021-06-20 12:00:00,LTC,Short,Exit Short (Green),1.68%,0.484%,12864.32,13612.42,-5.50%
2021-06-20 12:00:00,DOGE,Short,Exit Short (Green),3.35%,0.964%,12988.39,13612.42,-4.58%
2021-06-20 12:00:00,ADA,Short,Exit Short (Green),0.23%,0.066%,12996.99,13612.42,-4.52%
2021-06-21 04:00:00,DOGE,Short,💰 TP,20.32%,5.850%,13757.33,13757.33,-0.00%
2021-06-21 12:00:00,BNB,Short,Exit Short (Green),6.88%,1.981%,14029.83,14029.83,-0.00%
2021-06-21 12:00:00,LTC,Short,Exit Short (Green),10.94%,3.150%,14471.72,14471.72,-0.00%
2021-06-21 16:00:00,ADA,Short,💰 TP,13.15%,3.786%,15019.6,15019.6,-0.00%
2021-06-25 12:00:00,ALGO,Short,🛑 SL,-2.00%,-0.576%,14933.12,15019.6,-0.58%
2021-06-25 16:00:00,BNB,Short,🛑 SL,-1.86%,-0.535%,14853.15,15019.6,-1.11%
2021-06-25 20:00:00,ALGO,Short,🛑 SL,-2.00%,-0.576%,14767.63,15019.6,-1.68%
2021-06-26 08:00:00,BNB,Short,Exit Short (Green),0.78%,0.225%,14800.79,15019.6,-1.46%
2021-06-26 08:00:00,LTC,Short,Exit Short (Green),-0.37%,-0.107%,14785.02,15019.6,-1.56%
2021-06-26 08:00:00,ALGO,Short,Exit Short (Green),-1.49%,-0.429%,14721.6,15019.6,-1.98%
2021-06-26 16:00:00,ALGO,Short,🛑 SL,-2.00%,-0.576%,14636.83,15019.6,-2.55%
2021-07-01 08:00:00,ALGO,Short,Exit Short (Green),-1.35%,-0.389%,14579.95,15019.6,-2.93%
2021-07-01 16:00:00,BNB,Short,🛑 SL,-1.88%,-0.541%,14501.03,15019.6,-3.45%
2021-07-01 20:00:00,ALGO,Short,Exit Short (Green),0.07%,0.020%,14503.95,15019.6,-3.43%
2021-07-02 00:00:00,BNB,Short,🛑 SL,-1.88%,-0.541%,14425.45,15019.6,-3.96%
2021-07-02 12:00:00,BNB,Short,Exit Short (Green),-1.11%,-0.320%,14379.35,15019.6,-4.26%
2021-07-02 16:00:00,BNB,Short,🛑 SL,-1.88%,-0.541%,14301.52,15019.6,-4.78%
2021-07-03 00:00:00,ALGO,Short,🛑 SL,-1.83%,-0.527%,14226.17,15019.6,-5.28%
2021-07-05 08:00:00,ADA,Short,🛑 SL,-1.29%,-0.371%,14173.34,15019.6,-5.63%
2021-07-05 12:00:00,ADA,Short,🛑 SL,-1.29%,-0.371%,14120.7,15019.6,-5.98%
2021-07-05 12:00:00,LTC,Short,Exit Short (Green),0.09%,0.026%,14124.36,15019.6,-5.96%
2021-07-05 12:00:00,DOGE,Short,Exit Short (Green),2.95%,0.849%,14244.32,15019.6,-5.16%
2021-07-07 16:00:00,DOGE,Short,Exit Short (Green),-0.83%,-0.239%,14210.28,15019.6,-5.39%
2021-07-08 08:00:00,LTC,Short,Exit Short (Green),2.31%,0.665%,14304.79,15019.6,-4.76%
2021-07-08 08:00:00,ADA,Short,Exit Short (Green),1.24%,0.357%,14355.85,15019.6,-4.42%
2021-07-08 20:00:00,ALGO,Short,🛑 SL,-1.76%,-0.507%,14283.11,15019.6,-4.90%
2021-07-09 20:00:00,LTC,Short,Exit Short (Green),-0.52%,-0.150%,14261.73,15019.6,-5.05%
2021-07-12 16:00:00,BNB,Short,🛑 SL,-1.67%,-0.481%,14193.16,15019.6,-5.50%
2021-07-12 20:00:00,DOGE,Short,Exit Short (Green),0.93%,0.268%,14231.16,15019.6,-5.25%
2021-07-12 20:00:00,ADA,Short,Exit Short (Green),0.29%,0.083%,14243.04,15019.6,-5.17%
2021-07-12 20:00:00,ALGO,Short,Exit Short (Green),-0.18%,-0.052%,14235.66,15019.6,-5.22%
2021-07-13 00:00:00,LTC,Short,🛑 SL,-2.09%,-0.602%,14150.01,15019.6,-5.79%
2021-07-13 04:00:00,BNB,Short,🛑 SL,-1.67%,-0.481%,14081.97,15019.6,-6.24%
2021-07-13 08:00:00,LTC,Short,🛑 SL,-2.09%,-0.602%,13997.24,15019.6,-6.81%
2021-07-13 12:00:00,ALGO,Short,Exit Short (Green),-0.47%,-0.135%,13978.3,15019.6,-6.93%
2021-07-13 12:00:00,BNB,Short,Exit Short (Green),-0.41%,-0.118%,13961.8,15019.6,-7.04%
2021-07-13 20:00:00,LTC,Short,Exit Short (Green),-0.87%,-0.250%,13926.83,15019.6,-7.28%
2021-07-14 04:00:00,ALGO,Short,Exit Short (Green),3.44%,0.990%,14064.76,15019.6,-6.36%
2021-07-14 16:00:00,LTC,Short,Exit Short (Green),-0.32%,-0.092%,14051.8,15019.6,-6.44%
2021-07-15 16:00:00,ALGO,Short,🛑 SL,-1.74%,-0.501%,13981.41,15019.6,-6.91%
2021-07-15 16:00:00,LTC,Short,🛑 SL,-2.18%,-0.628%,13893.66,15019.6,-7.50%
2021-07-16 00:00:00,DOGE,Short,Exit Short (Green),0.35%,0.101%,13907.66,15019.6,-7.40%
2021-07-16 08:00:00,ADA,Short,🛑 SL,-1.49%,-0.429%,13848.0,15019.6,-7.80%
2021-07-16 12:00:00,ALGO,Short,Exit Short (Green),1.70%,0.489%,13915.77,15019.6,-7.35%
2021-07-16 12:00:00,LTC,Short,Exit Short (Green),-1.04%,-0.299%,13874.11,15019.6,-7.63%
2021-07-17 04:00:00,ADA,Short,Exit Short (Green),2.57%,0.740%,13976.76,15019.6,-6.94%
2021-07-17 04:00:00,LTC,Short,Exit Short (Green),2.48%,0.714%,14076.56,15019.6,-6.28%
2021-07-17 08:00:00,ALGO,Short,🛑 SL,-1.82%,-0.524%,14002.8,15019.6,-6.77%
2021-07-18 16:00:00,LTC,Short,Exit Short (Green),-1.24%,-0.357%,13952.81,15019.6,-7.10%
2021-07-19 00:00:00,LTC,Short,🛑 SL,-2.25%,-0.648%,13862.43,15019.6,-7.70%
2021-07-19 16:00:00,ALGO,Short,Exit Short (Green),2.10%,0.605%,13946.24,15019.6,-7.15%
2021-07-19 16:00:00,ADA,Short,Exit Short (Green),2.05%,0.590%,14028.55,15019.6,-6.60%
2021-07-19 16:00:00,LTC,Short,Exit Short (Green),1.61%,0.464%,14093.57,15019.6,-6.17%
2021-07-20 04:00:00,DOGE,Short,Exit Short (Green),1.17%,0.337%,14141.04,15019.6,-5.85%
2021-07-20 04:00:00,BNB,Short,Exit Short (Green),9.50%,2.735%,14527.81,15019.6,-3.27%
2021-07-20 16:00:00,DOGE,Short,🛑 SL,-3.77%,-1.085%,14370.13,15019.6,-4.32%
2021-07-20 20:00:00,DOGE,Short,🛑 SL,-3.77%,-1.085%,14214.16,15019.6,-5.36%
2021-07-29 20:00:00,DOGE,Short,Exit Short (Green),-1.70%,-0.489%,14144.59,15019.6,-5.83%
2021-07-30 08:00:00,ADA,Short,🛑 SL,-1.37%,-0.394%,14088.8,15019.6,-6.20%
2021-07-30 12:00:00,ALGO,Short,Exit Short (Green),-0.36%,-0.104%,14074.2,15019.6,-6.29%
2021-07-30 12:00:00,DOGE,Short,Exit Short (Green),0.36%,0.104%,14088.78,15019.6,-6.20%
2021-08-02 00:00:00,ALGO,Short,Exit Short (Green),-0.75%,-0.216%,14058.36,15019.6,-6.40%
2021-08-02 08:00:00,ALGO,Short,🛑 SL,-1.47%,-0.423%,13998.87,15019.6,-6.80%
2021-08-03 04:00:00,ALGO,Short,🛑 SL,-1.48%,-0.426%,13939.22,15019.6,-7.19%
2021-08-03 08:00:00,ALGO,Short,🛑 SL,-1.48%,-0.426%,13879.82,15019.6,-7.59%
2021-08-03 20:00:00,DOGE,Short,Exit Short (Green),2.27%,0.654%,13970.53,15019.6,-6.98%
2021-08-09 00:00:00,ALGO,Short,🛑 SL,-1.42%,-0.409%,13913.42,15019.6,-7.36%
2021-09-07 00:00:00,BTC,Long,Exit Signal,32.29%,9.687%,15261.21,15261.21,-0.00%
2021-09-11 00:00:00,DOGE,Short,Exit Short (Green),3.26%,0.939%,15404.45,15404.45,-0.00%
2021-09-13 00:00:00,BNB,Short,🛑 SL,-0.70%,-0.202%,15373.4,15404.45,-0.20%
2021-09-13 04:00:00,LTC,Short,🛑 SL,-0.73%,-0.210%,15341.09,15404.45,-0.41%
2021-09-13 08:00:00,DOGE,Short,Exit Short (Green),-0.76%,-0.219%,15307.52,15404.45,-0.63%
2021-09-13 16:00:00,DOGE,Short,🛑 SL,-1.10%,-0.317%,15259.05,15404.45,-0.94%
2021-09-13 16:00:00,BNB,Short,Exit Short (Green),-0.30%,-0.086%,15245.87,15404.45,-1.03%
2021-09-13 20:00:00,BNB,Short,🛑 SL,-0.69%,-0.199%,15215.58,15404.45,-1.23%
2021-09-13 20:00:00,DOGE,Short,🛑 SL,-1.09%,-0.314%,15167.83,15404.45,-1.54%
2021-09-14 00:00:00,DOGE,Short,🛑 SL,-1.09%,-0.314%,15120.24,15404.45,-1.84%
2021-09-17 16:00:00,ADA,Short,🛑 SL,-0.68%,-0.196%,15090.63,15404.45,-2.04%
2021-09-17 20:00:00,ADA,Short,🛑 SL,-0.68%,-0.196%,15061.09,15404.45,-2.23%
2021-09-19 12:00:00,LTC,Short,Exit Short (Green),-0.34%,-0.098%,15046.35,15404.45,-2.32%
2021-09-19 20:00:00,ADA,Short,💰 TP,6.86%,1.975%,15343.51,15404.45,-0.40%
2021-09-20 04:00:00,BNB,Short,💰 TP,6.62%,1.906%,15635.94,15635.94,-0.00%
2021-09-20 04:00:00,DOGE,Short,💰 TP,10.52%,3.029%,16109.51,16109.51,-0.00%
2021-09-21 16:00:00,ADA,Short,🛑 SL,-0.82%,-0.236%,16071.48,16109.51,-0.24%
2021-09-21 20:00:00,LTC,Short,🛑 SL,-0.86%,-0.248%,16031.69,16109.51,-0.48%
2021-09-21 20:00:00,DOGE,Short,🛑 SL,-1.24%,-0.357%,15974.46,16109.51,-0.84%
2021-09-21 20:00:00,BNB,Short,🛑 SL,-0.78%,-0.225%,15938.58,16109.51,-1.06%
2021-09-22 00:00:00,LTC,Short,🛑 SL,-0.86%,-0.248%,15899.12,16109.51,-1.31%
2021-09-24 04:00:00,DOGE,Short,🛑 SL,-1.24%,-0.357%,15842.36,16109.51,-1.66%
2021-09-24 04:00:00,ADA,Short,🛑 SL,-0.76%,-0.219%,15807.7,16109.51,-1.87%
2021-09-24 04:00:00,LTC,Short,💰 TP,8.20%,2.361%,16180.88,16180.88,-0.00%
2021-09-24 04:00:00,BNB,Short,🛑 SL,-0.80%,-0.230%,16143.61,16180.88,-0.23%
2021-09-24 08:00:00,BNB,Short,🛑 SL,-0.80%,-0.230%,16106.43,16180.88,-0.46%
2021-09-24 08:00:00,ADA,Short,🛑 SL,-0.76%,-0.219%,16071.19,16180.88,-0.68%
2021-09-26 04:00:00,BNB,Short,🛑 SL,-0.82%,-0.236%,16033.25,16180.88,-0.91%
2021-09-26 04:00:00,DOGE,Short,🛑 SL,-1.26%,-0.363%,15975.09,16180.88,-1.27%
2021-09-27 20:00:00,ADA,Short,🛑 SL,-0.78%,-0.225%,15939.22,16180.88,-1.49%
2021-09-28 08:00:00,ADA,Short,Exit Short (Green),0.81%,0.233%,15976.39,16180.88,-1.26%
2021-09-28 20:00:00,ALGO,Short,🛑 SL,-0.90%,-0.259%,15934.99,16180.88,-1.52%
2021-09-28 20:00:00,LTC,Short,🛑 SL,-0.92%,-0.265%,15892.78,16180.88,-1.78%
2021-09-29 16:00:00,ALGO,Short,🛑 SL,-0.90%,-0.259%,15851.6,16180.88,-2.03%
2021-09-29 16:00:00,ADA,Short,🛑 SL,-0.84%,-0.242%,15813.27,16180.88,-2.27%
2021-10-06 08:00:00,ADA,Short,🛑 SL,-0.76%,-0.219%,15778.67,16180.88,-2.49%
2021-10-11 00:00:00,ADA,Short,Exit Short (Green),-0.51%,-0.147%,15755.5,16180.88,-2.63%
2021-10-11 16:00:00,DOGE,Short,🛑 SL,-0.96%,-0.276%,15711.95,16180.88,-2.90%
2021-10-11 20:00:00,ADA,Short,Exit Short (Green),1.99%,0.573%,15801.97,16180.88,-2.34%
2021-10-12 04:00:00,DOGE,Short,Exit Short (Green),0.00%,0.000%,15801.97,16180.88,-2.34%
2021-10-12 08:00:00,BNB,Short,🛑 SL,-0.65%,-0.187%,15772.4,16180.88,-2.52%
2021-10-12 20:00:00,DOGE,Short,🛑 SL,-0.97%,-0.279%,15728.35,16180.88,-2.80%
2021-10-13 08:00:00,DOGE,Short,Exit Short (Green),0.62%,0.178%,15756.43,16180.88,-2.62%
2021-10-17 16:00:00,ADA,Short,🛑 SL,-0.78%,-0.225%,15721.05,16180.88,-2.84%
2021-10-18 00:00:00,ADA,Short,🛑 SL,-0.78%,-0.225%,15685.74,16180.88,-3.06%
2021-10-18 12:00:00,ADA,Short,Exit Short (Green),0.32%,0.092%,15700.19,16180.88,-2.97%
2021-10-19 12:00:00,ALGO,Short,🛑 SL,-0.91%,-0.262%,15659.06,16180.88,-3.22%
2021-10-20 04:00:00,ALGO,Short,Exit Short (Green),-0.25%,-0.072%,15647.79,16180.88,-3.29%
2021-10-21 04:00:00,ADA,Short,🛑 SL,-0.81%,-0.233%,15611.3,16180.88,-3.52%
2021-10-24 16:00:00,ADA,Short,Exit Short (Green),0.30%,0.086%,15624.78,16180.88,-3.44%
2021-10-27 00:00:00,BTC,Long,Exit Signal,19.73%,5.919%,16549.61,16549.61,-0.00%
2021-10-27 04:00:00,ALGO,Short,🛑 SL,-0.92%,-0.265%,16505.78,16549.61,-0.26%
2021-10-27 04:00:00,ADA,Short,💰 TP,8.13%,2.341%,16892.12,16892.12,-0.00%
2021-10-27 04:00:00,DOGE,Short,🛑 SL,-0.96%,-0.276%,16845.43,16892.12,-0.28%
2021-10-28 04:00:00,ALGO,Short,🛑 SL,-0.94%,-0.271%,16799.84,16892.12,-0.55%
2021-10-31 08:00:00,ALGO,Short,🛑 SL,-0.95%,-0.274%,16753.89,16892.12,-0.82%
2021-11-06 08:00:00,DOGE,Short,🛑 SL,-0.92%,-0.265%,16709.52,16892.12,-1.08%
2021-11-06 12:00:00,ADA,Short,Exit Short (Green),-0.69%,-0.199%,16676.32,16892.12,-1.28%
2021-11-10 15:00:00,ADA,Short,🛑 SL,-0.90%,-0.259%,16633.11,16892.12,-1.53%
2021-11-14 15:00:00,ADA,Short,🛑 SL,-0.89%,-0.256%,16590.5,16892.12,-1.79%
2021-11-16 00:00:00,BTC,Long,Stop Loss,-8.35%,-2.505%,16174.9,16892.12,-4.25%
2021-11-16 03:00:00,DOGE,Short,💰 TP,9.74%,2.804%,16628.47,16892.12,-1.56%
2021-11-16 03:00:00,ALGO,Short,Exit Short (Green),4.39%,1.264%,16838.64,16892.12,-0.32%
2021-11-16 03:00:00,ADA,Short,Exit Short (Green),3.21%,0.924%,16994.25,16994.25,-0.00%
2021-11-18 11:00:00,ADA,Short,🛑 SL,-1.01%,-0.291%,16944.84,16994.25,-0.29%
2021-11-18 11:00:00,DOGE,Short,🛑 SL,-1.05%,-0.302%,16893.61,16994.25,-0.59%
2021-11-19 03:00:00,ADA,Short,Exit Short (Green),0.36%,0.104%,16911.12,16994.25,-0.49%
2021-11-19 03:00:00,DOGE,Short,Exit Short (Green),0.18%,0.052%,16919.89,16994.25,-0.44%
2021-11-21 23:00:00,LTC,Short,🛑 SL,-0.75%,-0.216%,16883.35,16994.25,-0.65%
2021-11-21 23:00:00,ALGO,Short,🛑 SL,-1.15%,-0.331%,16827.45,16994.25,-0.98%
2021-11-22 07:00:00,ALGO,Short,🛑 SL,-1.15%,-0.331%,16771.74,16994.25,-1.31%
2021-11-22 07:00:00,DOGE,Short,Exit Short (Green),1.11%,0.320%,16825.34,16994.25,-0.99%
2021-11-22 07:00:00,LTC,Short,🛑 SL,-0.75%,-0.216%,16789.01,16994.25,-1.21%
2021-11-22 19:00:00,ALGO,Short,Exit Short (Green),1.16%,0.334%,16845.08,16994.25,-0.88%
2021-11-22 19:00:00,LTC,Short,Exit Short (Green),1.55%,0.446%,16920.25,16994.25,-0.44%
2021-11-23 19:00:00,DOGE,Short,Exit Short (Green),-0.80%,-0.230%,16881.28,16994.25,-0.66%
2021-11-23 23:00:00,LTC,Short,🛑 SL,-0.76%,-0.219%,16844.34,16994.25,-0.88%
2021-11-24 03:00:00,ADA,Short,Exit Short (Green),0.90%,0.259%,16887.98,16994.25,-0.63%
2021-11-24 07:00:00,DOGE,Short,🛑 SL,-1.05%,-0.302%,16836.93,16994.25,-0.93%
2021-11-26 03:00:00,DOGE,Short,💰 TP,10.34%,2.977%,17338.15,17338.15,-0.00%
2021-11-26 11:00:00,ALGO,Short,Exit Short (Green),2.91%,0.838%,17483.41,17483.41,-0.00%
2021-11-26 11:00:00,ADA,Short,Exit Short (Green),2.09%,0.602%,17588.61,17588.61,-0.00%
2021-11-26 11:00:00,LTC,Short,Exit Short (Green),4.86%,1.399%,17834.7,17834.7,-0.00%
2021-11-27 23:00:00,ADA,Short,🛑 SL,-1.13%,-0.325%,17776.68,17834.7,-0.33%
2021-11-28 03:00:00,LTC,Short,Exit Short (Green),-0.21%,-0.060%,17765.94,17834.7,-0.39%
2021-11-28 07:00:00,ADA,Short,🛑 SL,-1.13%,-0.325%,17708.14,17834.7,-0.71%
2021-11-28 11:00:00,ALGO,Short,🛑 SL,-1.30%,-0.374%,17641.86,17834.7,-1.08%
2021-11-28 15:00:00,ADA,Short,🛑 SL,-1.13%,-0.325%,17584.47,17834.7,-1.40%
2021-11-30 19:00:00,ADA,Short,🛑 SL,-1.08%,-0.311%,17529.79,17834.7,-1.71%
2021-12-02 03:00:00,ADA,Short,Exit Short (Green),-0.36%,-0.104%,17511.62,17834.7,-1.81%
2021-12-02 23:00:00,LTC,Short,🛑 SL,-0.83%,-0.239%,17469.78,17834.7,-2.05%
2021-12-03 15:00:00,LTC,Short,💰 TP,8.25%,2.375%,17884.72,17884.72,-0.00%
2021-12-03 15:00:00,ADA,Short,🛑 SL,-1.08%,-0.311%,17829.11,17884.72,-0.31%
2021-12-03 19:00:00,DOGE,Short,Exit Short (Green),0.65%,0.187%,17862.47,17884.72,-0.12%
2021-12-03 23:00:00,BNB,Short,🛑 SL,-0.63%,-0.181%,17830.07,17884.72,-0.31%
2021-12-03 23:00:00,ADA,Short,💰 TP,10.78%,3.104%,18383.44,18383.44,-0.00%
2021-12-03 23:00:00,ALGO,Short,💰 TP,13.08%,3.766%,19075.71,19075.71,-0.00%
2021-12-06 07:00:00,ADA,Short,🛑 SL,-1.25%,-0.360%,19007.06,19075.71,-0.36%
2021-12-09 11:00:00,LTC,Short,🛑 SL,-1.12%,-0.322%,18945.78,19075.71,-0.68%
2021-12-09 11:00:00,ALGO,Short,🛑 SL,-1.35%,-0.389%,18872.14,19075.71,-1.07%
2021-12-09 11:00:00,DOGE,Short,🛑 SL,-1.25%,-0.360%,18804.22,19075.71,-1.42%
2021-12-09 23:00:00,ADA,Short,Exit Short (Green),2.75%,0.792%,18953.1,19075.71,-0.64%
2021-12-10 15:00:00,BNB,Short,🛑 SL,-0.62%,-0.178%,18919.27,19075.71,-0.82%
2021-12-11 15:00:00,LTC,Short,🛑 SL,-1.12%,-0.322%,18858.27,19075.71,-1.14%
2021-12-13 19:00:00,DOGE,Short,Exit Short (Green),2.36%,0.679%,18986.4,19075.71,-0.47%
2021-12-13 23:00:00,BNB,Short,Exit Short (Green),2.99%,0.861%,19149.84,19149.84,-0.00%
2021-12-13 23:00:00,LTC,Short,Exit Short (Green),0.07%,0.020%,19153.69,19153.69,-0.00%
2021-12-13 23:00:00,ALGO,Short,Exit Short (Green),6.30%,1.814%,19501.1,19501.1,-0.00%
2021-12-14 15:00:00,BNB,Short,🛑 SL,-0.70%,-0.202%,19461.8,19501.1,-0.20%
2021-12-15 11:00:00,ALGO,Short,🛑 SL,-1.66%,-0.478%,19368.79,19501.1,-0.68%
2021-12-15 11:00:00,BNB,Short,🛑 SL,-0.70%,-0.202%,19329.75,19501.1,-0.88%
2021-12-15 11:00:00,LTC,Short,🛑 SL,-1.20%,-0.345%,19262.97,19501.1,-1.22%
2021-12-17 07:00:00,ADA,Short,🛑 SL,-1.23%,-0.354%,19194.76,19501.1,-1.57%
2021-12-17 07:00:00,LTC,Short,🛑 SL,-1.17%,-0.337%,19130.1,19501.1,-1.90%
2021-12-17 11:00:00,DOGE,Short,🛑 SL,-1.22%,-0.351%,19062.91,19501.1,-2.25%
2021-12-17 19:00:00,ADA,Short,🛑 SL,-1.23%,-0.354%,18995.41,19501.1,-2.59%
2021-12-20 03:00:00,DOGE,Short,🛑 SL,-1.26%,-0.363%,18926.5,19501.1,-2.95%
2021-12-20 03:00:00,BNB,Short,🛑 SL,-0.67%,-0.193%,18889.99,19501.1,-3.13%
2021-12-20 11:00:00,BNB,Short,🛑 SL,-0.67%,-0.193%,18853.55,19501.1,-3.32%
2021-12-20 11:00:00,DOGE,Short,🛑 SL,-1.26%,-0.363%,18785.16,19501.1,-3.67%
2021-12-20 15:00:00,ALGO,Short,Exit Short (Green),1.09%,0.314%,18844.11,19501.1,-3.37%
2021-12-20 19:00:00,BNB,Short,🛑 SL,-0.67%,-0.193%,18807.76,19501.1,-3.56%
2021-12-25 15:00:00,LTC,Short,🛑 SL,-0.98%,-0.282%,18754.7,19501.1,-3.83%
2021-12-25 23:00:00,BNB,Short,🛑 SL,-0.64%,-0.184%,18720.14,19501.1,-4.00%
2021-12-27 23:00:00,BNB,Short,🛑 SL,-0.63%,-0.181%,18686.19,19501.1,-4.18%
2021-12-28 03:00:00,DOGE,Short,Exit Short (Green),1.84%,0.530%,18785.18,19501.1,-3.67%
2021-12-28 07:00:00,ALGO,Short,🛑 SL,-1.16%,-0.334%,18722.44,19501.1,-3.99%
2021-12-28 07:00:00,LTC,Short,Exit Short (Green),-0.20%,-0.058%,18711.66,19501.1,-4.05%
2021-12-28 07:00:00,BNB,Short,🛑 SL,-0.63%,-0.181%,18677.72,19501.1,-4.22%
2021-12-28 11:00:00,ADA,Short,🛑 SL,-0.96%,-0.276%,18626.1,19501.1,-4.49%
2021-12-28 23:00:00,ALGO,Short,Exit Short (Green),2.61%,0.751%,18766.06,19501.1,-3.77%
2021-12-28 23:00:00,BNB,Short,Exit Short (Green),0.77%,0.222%,18807.66,19501.1,-3.56%
2021-12-29 07:00:00,ALGO,Short,🛑 SL,-1.23%,-0.354%,18741.06,19501.1,-3.90%
2021-12-29 07:00:00,ADA,Short,Exit Short (Green),-0.24%,-0.069%,18728.11,19501.1,-3.96%
2021-12-29 11:00:00,DOGE,Short,🛑 SL,-1.18%,-0.340%,18664.49,19501.1,-4.29%
2021-12-29 19:00:00,LTC,Short,🛑 SL,-1.07%,-0.308%,18606.99,19501.1,-4.58%
2021-12-29 23:00:00,DOGE,Short,Exit Short (Green),1.63%,0.469%,18694.31,19501.1,-4.14%
2021-12-30 03:00:00,ADA,Short,Exit Short (Green),2.17%,0.625%,18811.1,19501.1,-3.54%
2021-12-30 03:00:00,DOGE,Short,🛑 SL,-1.16%,-0.334%,18748.28,19501.1,-3.86%
2021-12-30 03:00:00,BNB,Short,Exit Short (Green),1.57%,0.452%,18833.02,19501.1,-3.43%
2021-12-30 19:00:00,BNB,Short,🛑 SL,-0.67%,-0.193%,18796.69,19501.1,-3.61%
2021-12-31 15:00:00,BNB,Short,🛑 SL,-0.67%,-0.193%,18760.43,19501.1,-3.80%
2021-12-31 15:00:00,ADA,Short,🛑 SL,-0.99%,-0.285%,18706.96,19501.1,-4.07%
2022-01-03 23:00:00,BNB,Short,🛑 SL,-0.66%,-0.190%,18671.42,19501.1,-4.25%
2022-01-04 11:00:00,BNB,Short,🛑 SL,-0.66%,-0.190%,18635.94,19501.1,-4.44%
2022-01-04 15:00:00,LTC,Short,🛑 SL,-1.02%,-0.294%,18581.21,19501.1,-4.72%
2022-01-04 15:00:00,DOGE,Short,🛑 SL,-1.15%,-0.331%,18519.69,19501.1,-5.03%
2022-01-04 19:00:00,LTC,Short,🛑 SL,-1.02%,-0.294%,18465.31,19501.1,-5.31%
2022-01-05 15:00:00,BNB,Short,💰 TP,6.62%,1.906%,18817.24,19501.1,-3.51%
2022-01-05 15:00:00,LTC,Short,💰 TP,10.23%,2.945%,19371.45,19501.1,-0.66%
2022-01-05 15:00:00,DOGE,Short,💰 TP,11.49%,3.308%,20012.25,20012.25,-0.00%
2022-01-05 15:00:00,ALGO,Short,🛑 SL,-1.21%,-0.348%,19942.53,20012.25,-0.35%
2022-01-06 03:00:00,ADA,Short,Exit Short (Green),5.56%,1.601%,20261.76,20261.76,-0.00%
2022-01-06 23:00:00,LTC,Short,🛑 SL,-1.16%,-0.334%,20194.09,20261.76,-0.33%
2022-01-07 03:00:00,ALGO,Short,🛑 SL,-1.19%,-0.343%,20124.91,20261.76,-0.68%
2022-01-07 03:00:00,LTC,Short,🛑 SL,-1.16%,-0.334%,20057.7,20261.76,-1.01%
2022-01-07 07:00:00,BNB,Short,Exit Short (Green),0.81%,0.233%,20104.47,20261.76,-0.78%
2022-01-07 11:00:00,ALGO,Short,🛑 SL,-1.19%,-0.343%,20035.59,20261.76,-1.12%
2022-01-07 11:00:00,LTC,Short,🛑 SL,-1.16%,-0.334%,19968.68,20261.76,-1.45%
2022-01-07 15:00:00,LTC,Short,🛑 SL,-1.16%,-0.334%,19901.99,20261.76,-1.78%
2022-01-07 19:00:00,ALGO,Short,🛑 SL,-1.19%,-0.343%,19833.81,20261.76,-2.11%
2022-01-08 15:00:00,DOGE,Short,🛑 SL,-1.30%,-0.374%,19759.58,20261.76,-2.48%
2022-01-08 15:00:00,LTC,Short,🛑 SL,-1.19%,-0.343%,19691.88,20261.76,-2.81%
2022-01-08 15:00:00,ALGO,Short,🛑 SL,-1.23%,-0.354%,19622.15,20261.76,-3.16%
2022-01-08 15:00:00,ADA,Short,🛑 SL,-1.01%,-0.291%,19565.09,20261.76,-3.44%
2022-01-08 19:00:00,BNB,Short,Exit Short (Green),1.76%,0.507%,19664.23,20261.76,-2.95%
2022-01-09 07:00:00,ALGO,Short,Exit Short (Green),-0.53%,-0.153%,19634.22,20261.76,-3.10%
2022-01-10 07:00:00,ALGO,Short,🛑 SL,-1.30%,-0.374%,19560.74,20261.76,-3.46%
2022-01-10 11:00:00,ADA,Short,🛑 SL,-1.05%,-0.302%,19501.61,20261.76,-3.75%
2022-01-10 11:00:00,BNB,Short,🛑 SL,-0.81%,-0.233%,19456.13,20261.76,-3.98%
2022-01-10 11:00:00,LTC,Short,🛑 SL,-1.19%,-0.343%,19389.47,20261.76,-4.31%
2022-01-10 19:00:00,DOGE,Short,Exit Short (Green),1.45%,0.417%,19470.42,20261.76,-3.91%
2022-01-11 03:00:00,DOGE,Short,🛑 SL,-1.33%,-0.383%,19395.86,20261.76,-4.27%
2022-01-17 15:00:00,BNB,Short,🛑 SL,-0.73%,-0.210%,19355.1,20261.76,-4.47%
2022-01-17 23:00:00,ALGO,Short,🛑 SL,-1.24%,-0.357%,19286.0,20261.76,-4.82%
2022-01-17 23:00:00,BNB,Short,🛑 SL,-0.73%,-0.210%,19245.47,20261.76,-5.02%
2022-01-18 15:00:00,LTC,Short,Exit Short (Green),1.61%,0.464%,19334.67,20261.76,-4.58%
2022-01-18 15:00:00,ALGO,Short,Exit Short (Green),1.70%,0.489%,19429.3,20261.76,-4.11%
2022-01-18 15:00:00,BNB,Short,Exit Short (Green),1.07%,0.308%,19489.16,20261.76,-3.81%
2022-01-19 07:00:00,BNB,Short,Exit Short (Green),1.07%,0.308%,19549.19,20261.76,-3.52%
2022-01-19 23:00:00,BNB,Short,Exit Short (Green),-0.21%,-0.060%,19537.37,20261.76,-3.58%
2022-01-20 19:00:00,ADA,Short,🛑 SL,-0.96%,-0.276%,19483.38,20261.76,-3.84%
2022-01-20 19:00:00,BNB,Short,💰 TP,7.52%,2.165%,19905.19,20261.76,-1.76%
2022-01-21 03:00:00,ALGO,Short,Exit Short (Green),8.04%,2.315%,20365.94,20365.94,-0.00%
2022-01-21 03:00:00,LTC,Short,Exit Short (Green),5.71%,1.644%,20700.74,20700.74,-0.00%
2022-01-21 03:00:00,DOGE,Short,Exit Short (Green),3.59%,1.034%,20914.69,20914.69,-0.00%
2022-01-24 07:00:00,BNB,Short,🛑 SL,-1.03%,-0.297%,20852.67,20914.69,-0.30%
2022-01-26 15:00:00,LTC,Short,🛑 SL,-1.41%,-0.406%,20768.03,20914.69,-0.70%
2022-01-26 23:00:00,LTC,Short,🛑 SL,-1.41%,-0.406%,20683.72,20914.69,-1.10%
2022-01-27 15:00:00,LTC,Short,🛑 SL,-1.43%,-0.412%,20598.57,20914.69,-1.51%
2022-01-27 15:00:00,ADA,Short,🛑 SL,-1.25%,-0.360%,20524.44,20914.69,-1.87%
2022-01-27 15:00:00,BNB,Short,🛑 SL,-0.97%,-0.279%,20467.12,20914.69,-2.14%
2022-01-27 15:00:00,DOGE,Short,🛑 SL,-1.36%,-0.392%,20386.98,20914.69,-2.52%
2022-01-28 07:00:00,DOGE,Short,🛑 SL,-1.36%,-0.392%,20307.16,20914.69,-2.90%
2022-01-30 19:00:00,BNB,Short,Exit Short (Green),0.92%,0.265%,20360.94,20914.69,-2.65%
2022-02-02 19:00:00,DOGE,Short,🛑 SL,-1.31%,-0.377%,20284.15,20914.69,-3.01%
2022-02-02 23:00:00,BNB,Short,🛑 SL,-0.95%,-0.274%,20228.68,20914.69,-3.28%
2022-02-03 07:00:00,ALGO,Short,🛑 SL,-1.77%,-0.510%,20125.59,20914.69,-3.77%
2022-02-03 11:00:00,BNB,Short,Exit Short (Green),-0.79%,-0.227%,20079.82,20914.69,-3.99%
2022-02-03 11:00:00,DOGE,Short,Exit Short (Green),-0.81%,-0.233%,20032.99,20914.69,-4.22%
2022-02-06 11:00:00,ALGO,Short,🛑 SL,-1.58%,-0.455%,19941.87,20914.69,-4.65%
2022-02-06 11:00:00,DOGE,Short,🛑 SL,-1.13%,-0.325%,19876.99,20914.69,-4.96%
2022-02-08 15:00:00,BNB,Short,🛑 SL,-0.84%,-0.242%,19828.92,20914.69,-5.19%
2022-02-10 07:00:00,ALGO,Short,🛑 SL,-1.56%,-0.449%,19739.86,20914.69,-5.62%
2022-02-10 23:00:00,ADA,Short,🛑 SL,-1.04%,-0.299%,19680.76,20914.69,-5.90%
2022-02-10 23:00:00,DOGE,Short,Exit Short (Green),0.52%,0.150%,19710.22,20914.69,-5.76%
2022-02-11 03:00:00,ALGO,Short,Exit Short (Green),0.72%,0.207%,19751.08,20914.69,-5.56%
2022-02-11 23:00:00,ADA,Short,Exit Short (Green),4.39%,1.264%,20000.71,20914.69,-4.37%
2022-02-12 07:00:00,BNB,Short,Exit Short (Green),0.96%,0.276%,20055.99,20914.69,-4.11%
2022-02-13 15:00:00,ADA,Short,🛑 SL,-1.13%,-0.325%,19990.74,20914.69,-4.42%
2022-02-13 15:00:00,ALGO,Short,🛑 SL,-1.71%,-0.492%,19892.33,20914.69,-4.89%
2022-02-14 03:00:00,ALGO,Short,Exit Short (Green),0.04%,0.012%,19894.62,20914.69,-4.88%
2022-02-14 03:00:00,ADA,Short,Exit Short (Green),-0.49%,-0.141%,19866.55,20914.69,-5.01%
2022-02-14 15:00:00,ADA,Short,🛑 SL,-1.12%,-0.322%,19802.49,20914.69,-5.32%
2022-02-14 19:00:00,ALGO,Short,Exit Short (Green),-0.91%,-0.262%,19750.61,20914.69,-5.57%
2022-02-17 00:00:00,BTC,Long,Exit Signal,-7.55%,-2.265%,19303.26,20914.69,-7.70%
2022-02-17 07:00:00,DOGE,Short,🛑 SL,-1.03%,-0.297%,19246.02,20914.69,-7.98%
2022-02-17 19:00:00,ADA,Short,🛑 SL,-1.13%,-0.325%,19183.41,20914.69,-8.28%
2022-02-17 23:00:00,LTC,Short,Exit Short (Green),3.79%,1.091%,19392.72,20914.69,-7.28%
2022-02-18 11:00:00,LTC,Short,🛑 SL,-1.16%,-0.334%,19327.96,20914.69,-7.59%
2022-02-18 15:00:00,ADA,Short,Exit Short (Green),0.80%,0.230%,19372.48,20914.69,-7.37%
2022-02-18 19:00:00,LTC,Short,🛑 SL,-1.16%,-0.334%,19307.78,20914.69,-7.68%
2022-02-19 07:00:00,ALGO,Short,🛑 SL,-1.67%,-0.481%,19214.95,20914.69,-8.13%
2022-02-19 07:00:00,LTC,Short,🛑 SL,-1.13%,-0.325%,19152.44,20914.69,-8.43%
2022-02-19 19:00:00,LTC,Short,Exit Short (Green),-0.61%,-0.176%,19118.8,20914.69,-8.59%
2022-02-20 03:00:00,DOGE,Short,🛑 SL,-1.07%,-0.308%,19059.91,20914.69,-8.87%
2022-02-20 07:00:00,BNB,Short,Exit Short (Green),2.63%,0.757%,19204.22,20914.69,-8.18%
2022-02-20 11:00:00,DOGE,Short,🛑 SL,-1.07%,-0.308%,19145.06,20914.69,-8.46%
2022-02-20 15:00:00,ALGO,Short,Exit Short (Green),2.29%,0.659%,19271.29,20914.69,-7.86%
2022-02-20 19:00:00,DOGE,Short,🛑 SL,-1.07%,-0.308%,19211.92,20914.69,-8.14%
2022-02-21 07:00:00,DOGE,Short,🛑 SL,-1.06%,-0.305%,19153.29,20914.69,-8.42%
2022-02-21 07:00:00,ADA,Short,🛑 SL,-1.18%,-0.340%,19088.22,20914.69,-8.73%
2022-02-21 07:00:00,LTC,Short,🛑 SL,-1.15%,-0.331%,19025.02,20914.69,-9.04%
2022-02-21 07:00:00,ALGO,Short,🛑 SL,-1.70%,-0.489%,18931.91,20914.69,-9.48%
2022-02-21 07:00:00,BNB,Short,🛑 SL,-0.85%,-0.245%,18885.58,20914.69,-9.70%
2022-02-21 15:00:00,LTC,Short,🛑 SL,-1.15%,-0.331%,18823.05,20914.69,-10.00%
2022-02-22 03:00:00,ALGO,Short,Exit Short (Green),7.53%,2.168%,19231.12,20914.69,-8.05%
2022-02-22 03:00:00,DOGE,Short,Exit Short (Green),6.07%,1.748%,19567.19,20914.69,-6.44%
2022-02-22 03:00:00,BNB,Short,Exit Short (Green),5.09%,1.465%,19853.93,20914.69,-5.07%
2022-02-22 07:00:00,ADA,Short,Exit Short (Green),6.24%,1.796%,20210.6,20914.69,-3.37%
2022-02-23 23:00:00,DOGE,Short,💰 TP,11.54%,3.322%,20882.07,20914.69,-0.16%
2022-02-24 07:00:00,ALGO,Short,Exit Short (Green),5.55%,1.598%,21215.74,21215.74,-0.00%
2022-02-24 11:00:00,LTC,Short,Exit Short (Green),2.30%,0.662%,21356.22,21356.22,-0.00%
2022-02-24 11:00:00,BNB,Short,Exit Short (Green),1.00%,0.288%,21417.71,21417.71,-0.00%
2022-02-24 11:00:00,ADA,Short,Exit Short (Green),0.04%,0.012%,21420.17,21420.17,-0.00%
2022-03-03 11:00:00,LTC,Short,🛑 SL,-1.03%,-0.297%,21356.65,21420.17,-0.30%
2022-03-04 03:00:00,ALGO,Short,Exit Short (Green),-0.32%,-0.092%,21336.98,21420.17,-0.39%
2022-03-04 07:00:00,LTC,Short,Exit Short (Green),1.56%,0.449%,21432.81,21432.81,-0.00%
2022-03-04 15:00:00,DOGE,Short,🛑 SL,-1.12%,-0.322%,21363.7,21432.81,-0.32%
2022-03-04 15:00:00,ADA,Short,🛑 SL,-1.28%,-0.369%,21284.97,21432.81,-0.69%
2022-03-04 19:00:00,DOGE,Short,🛑 SL,-1.12%,-0.322%,21216.34,21432.81,-1.01%
2022-03-04 23:00:00,ADA,Short,🛑 SL,-1.27%,-0.366%,21138.76,21432.81,-1.37%
2022-03-05 03:00:00,ALGO,Short,Exit Short (Green),1.51%,0.435%,21230.66,21432.81,-0.94%
2022-03-05 11:00:00,ALGO,Short,Exit Short (Green),-0.67%,-0.193%,21189.71,21432.81,-1.13%
2022-03-06 23:00:00,LTC,Short,🛑 SL,-1.08%,-0.311%,21123.82,21432.81,-1.44%
2022-03-06 23:00:00,BNB,Short,🛑 SL,-0.80%,-0.230%,21075.17,21432.81,-1.67%
2022-03-07 03:00:00,LTC,Short,🛑 SL,-1.08%,-0.311%,21009.64,21432.81,-1.97%
2022-03-07 03:00:00,ALGO,Short,Exit Short (Green),0.94%,0.271%,21066.5,21432.81,-1.71%
2022-03-07 03:00:00,DOGE,Short,Exit Short (Green),0.75%,0.216%,21111.99,21432.81,-1.50%
2022-03-07 07:00:00,ADA,Short,Exit Short (Green),0.23%,0.066%,21125.97,21432.81,-1.43%
2022-03-07 15:00:00,BNB,Short,🛑 SL,-0.80%,-0.230%,21077.31,21432.81,-1.66%
2022-03-07 19:00:00,DOGE,Short,Exit Short (Green),2.67%,0.769%,21239.33,21432.81,-0.90%
2022-03-07 19:00:00,ADA,Short,Exit Short (Green),3.20%,0.921%,21435.0,21435.0,-0.00%
2022-03-07 19:00:00,ALGO,Short,Exit Short (Green),1.93%,0.556%,21554.1,21554.1,-0.00%
2022-03-07 19:00:00,LTC,Short,Exit Short (Green),0.71%,0.204%,21598.16,21598.16,-0.00%
2022-03-08 03:00:00,LTC,Short,🛑 SL,-1.08%,-0.311%,21531.01,21598.16,-0.31%
2022-03-08 11:00:00,ALGO,Short,🛑 SL,-1.56%,-0.449%,21434.31,21598.16,-0.76%
2022-03-10 07:00:00,DOGE,Short,🛑 SL,-1.12%,-0.322%,21365.19,21598.16,-1.08%
2022-03-10 07:00:00,ADA,Short,🛑 SL,-1.29%,-0.371%,21285.84,21598.16,-1.45%
2022-03-10 23:00:00,DOGE,Short,🛑 SL,-1.11%,-0.320%,21217.82,21598.16,-1.76%
2022-03-10 23:00:00,ADA,Short,🛑 SL,-1.29%,-0.371%,21139.02,21598.16,-2.13%
2022-03-11 03:00:00,ALGO,Short,Exit Short (Green),0.08%,0.023%,21143.89,21598.16,-2.10%
2022-03-11 15:00:00,ADA,Short,🛑 SL,-1.29%,-0.371%,21065.36,21598.16,-2.47%
2022-03-11 15:00:00,DOGE,Short,🛑 SL,-1.11%,-0.320%,20998.04,21598.16,-2.78%
2022-03-11 23:00:00,ALGO,Short,Exit Short (Green),1.67%,0.481%,21099.0,21598.16,-2.31%
2022-03-13 08:00:00,ADA,Short,🛑 SL,-1.26%,-0.363%,21022.46,21598.16,-2.67%
2022-03-13 20:00:00,ADA,Short,🛑 SL,-1.26%,-0.363%,20946.2,21598.16,-3.02%
2022-03-14 00:00:00,DOGE,Short,🛑 SL,-1.10%,-0.317%,20879.87,21598.16,-3.33%
2022-03-14 00:00:00,BNB,Short,Exit Short (Green),-0.58%,-0.167%,20845.0,21598.16,-3.49%
2022-03-14 04:00:00,ALGO,Short,Exit Short (Green),0.91%,0.262%,20899.61,21598.16,-3.23%
2022-03-14 20:00:00,DOGE,Short,Exit Short (Green),-0.18%,-0.052%,20888.78,21598.16,-3.28%
2022-04-05 16:00:00,ALGO,Short,🛑 SL,-1.05%,-0.302%,20825.64,21598.16,-3.58%
2022-04-06 00:00:00,BTC,Long,Exit Signal,-1.83%,-0.549%,20711.31,21598.16,-4.11%
2022-04-08 20:00:00,LTC,Short,🛑 SL,-0.75%,-0.216%,20666.58,21598.16,-4.31%
2022-04-09 00:00:00,ADA,Short,Exit Short (Green),0.92%,0.265%,20721.32,21598.16,-4.06%
2022-04-09 16:00:00,ADA,Short,Exit Short (Green),0.85%,0.245%,20772.03,21598.16,-3.83%
2022-04-11 04:00:00,LTC,Short,Exit Short (Green),0.09%,0.026%,20777.41,21598.16,-3.80%
2022-04-11 04:00:00,ALGO,Short,Exit Short (Green),-0.02%,-0.006%,20776.22,21598.16,-3.81%
2022-04-11 04:00:00,ADA,Short,Exit Short (Green),0.25%,0.072%,20791.17,21598.16,-3.74%
2022-04-18 00:00:00,ADA,Short,Exit Short (Green),1.60%,0.461%,20886.94,21598.16,-3.29%
2022-04-18 00:00:00,ALGO,Short,Exit Short (Green),1.51%,0.435%,20977.75,21598.16,-2.87%
2022-04-18 00:00:00,BNB,Short,Exit Short (Green),0.87%,0.250%,21030.29,21598.16,-2.63%
2022-04-18 00:00:00,LTC,Short,Exit Short (Green),0.45%,0.130%,21057.54,21598.16,-2.50%
2022-04-18 00:00:00,DOGE,Short,🛑 SL,-0.83%,-0.239%,21007.22,21598.16,-2.74%
2022-04-18 16:00:00,LTC,Short,🛑 SL,-0.74%,-0.213%,20962.46,21598.16,-2.94%
2022-04-22 00:00:00,ALGO,Short,Exit Short (Green),1.49%,0.429%,21052.38,21598.16,-2.53%
2022-04-22 00:00:00,BNB,Short,Exit Short (Green),0.51%,0.147%,21083.3,21598.16,-2.38%
2022-04-22 00:00:00,ADA,Short,Exit Short (Green),1.75%,0.504%,21189.52,21598.16,-1.89%
2022-04-22 12:00:00,ADA,Short,🛑 SL,-0.89%,-0.256%,21135.22,21598.16,-2.14%
2022-04-23 00:00:00,BNB,Short,🛑 SL,-0.55%,-0.158%,21101.76,21598.16,-2.30%
2022-04-23 00:00:00,LTC,Short,Exit Short (Green),-0.28%,-0.081%,21084.75,21598.16,-2.38%
2022-04-23 04:00:00,DOGE,Short,🛑 SL,-0.78%,-0.225%,21037.4,21598.16,-2.60%
2022-04-23 04:00:00,ADA,Short,Exit Short (Green),-0.43%,-0.124%,21011.36,21598.16,-2.72%
2022-04-23 20:00:00,BNB,Short,🛑 SL,-0.55%,-0.158%,20978.08,21598.16,-2.87%
2022-04-23 20:00:00,LTC,Short,🛑 SL,-0.75%,-0.216%,20932.79,21598.16,-3.08%
2022-04-24 00:00:00,DOGE,Short,Exit Short (Green),-0.15%,-0.043%,20923.75,21598.16,-3.12%
2022-04-24 00:00:00,ALGO,Short,Exit Short (Green),-0.57%,-0.164%,20889.41,21598.16,-3.28%
2022-04-24 00:00:00,ADA,Short,Exit Short (Green),-0.18%,-0.052%,20878.59,21598.16,-3.33%
2022-04-24 08:00:00,LTC,Short,🛑 SL,-0.74%,-0.213%,20834.11,21598.16,-3.54%
2022-04-24 12:00:00,DOGE,Short,Exit Short (Green),0.75%,0.216%,20879.09,21598.16,-3.33%
2022-04-24 12:00:00,ADA,Short,🛑 SL,-0.88%,-0.253%,20826.19,21598.16,-3.57%
2022-04-24 12:00:00,BNB,Short,🛑 SL,-0.55%,-0.158%,20793.22,21598.16,-3.73%
2022-04-24 16:00:00,LTC,Short,Exit Short (Green),-0.38%,-0.109%,20770.47,21598.16,-3.83%
2022-04-24 16:00:00,ALGO,Short,Exit Short (Green),-0.06%,-0.017%,20766.88,21598.16,-3.85%
2022-04-25 08:00:00,BNB,Short,Exit Short (Green),1.18%,0.340%,20837.43,21598.16,-3.52%
2022-04-25 08:00:00,ADA,Short,Exit Short (Green),2.91%,0.838%,21012.0,21598.16,-2.71%
2022-04-26 16:00:00,BNB,Short,🛑 SL,-0.57%,-0.164%,20977.52,21598.16,-2.87%
2022-04-26 16:00:00,ALGO,Short,🛑 SL,-1.00%,-0.288%,20917.13,21598.16,-3.15%
2022-04-26 16:00:00,ADA,Short,🛑 SL,-0.93%,-0.268%,20861.12,21598.16,-3.41%
2022-04-26 20:00:00,LTC,Short,🛑 SL,-0.78%,-0.225%,20814.28,21598.16,-3.63%
2022-04-27 00:00:00,ALGO,Short,Exit Short (Green),-0.42%,-0.121%,20789.11,21598.16,-3.75%
2022-04-27 04:00:00,ALGO,Short,🛑 SL,-1.01%,-0.291%,20728.66,21598.16,-4.03%
2022-04-29 12:00:00,ADA,Short,Exit Short (Green),0.93%,0.268%,20784.16,21598.16,-3.77%
2022-04-29 20:00:00,DOGE,Short,Exit Short (Green),0.15%,0.043%,20793.13,21598.16,-3.73%
2022-04-29 20:00:00,ALGO,Short,Exit Short (Green),1.17%,0.337%,20863.17,21598.16,-3.40%
2022-04-30 00:00:00,DOGE,Short,🛑 SL,-0.78%,-0.225%,20816.32,21598.16,-3.62%
2022-04-30 12:00:00,ADA,Short,🛑 SL,-0.91%,-0.262%,20761.79,21598.16,-3.87%
2022-04-30 16:00:00,ALGO,Short,💰 TP,10.46%,3.011%,21387.02,21598.16,-0.98%
2022-04-30 16:00:00,DOGE,Short,💰 TP,7.71%,2.220%,21861.74,21861.74,-0.00%
2022-05-01 00:00:00,LTC,Short,Exit Short (Green),2.44%,0.702%,22015.32,22015.32,-0.00%
2022-05-01 00:00:00,BNB,Short,Exit Short (Green),1.67%,0.481%,22121.17,22121.17,-0.00%
2022-05-03 16:00:00,LTC,Short,🛑 SL,-0.73%,-0.210%,22074.67,22121.17,-0.21%
2022-05-03 16:00:00,DOGE,Short,🛑 SL,-0.80%,-0.230%,22023.83,22121.17,-0.44%
2022-05-03 16:00:00,ADA,Short,🛑 SL,-0.88%,-0.253%,21968.03,22121.17,-0.69%
2022-05-03 16:00:00,BNB,Short,🛑 SL,-0.54%,-0.155%,21933.88,22121.17,-0.85%
2022-05-05 08:00:00,LTC,Short,🛑 SL,-0.73%,-0.210%,21887.78,22121.17,-1.06%
2022-05-05 08:00:00,DOGE,Short,🛑 SL,-0.79%,-0.227%,21838.0,22121.17,-1.28%
2022-05-05 12:00:00,DOGE,Short,🛑 SL,-0.79%,-0.227%,21788.33,22121.17,-1.50%
2022-05-05 12:00:00,BNB,Short,🛑 SL,-0.53%,-0.153%,21755.09,22121.17,-1.65%
2022-05-05 16:00:00,ALGO,Short,Exit Short (Green),3.68%,1.059%,21985.58,22121.17,-0.61%
2022-05-05 20:00:00,LTC,Short,Exit Short (Green),0.62%,0.178%,22024.82,22121.17,-0.44%
2022-05-06 04:00:00,ALGO,Short,🛑 SL,-0.92%,-0.265%,21966.48,22121.17,-0.70%
2022-05-06 04:00:00,DOGE,Short,🛑 SL,-0.79%,-0.227%,21916.52,22121.17,-0.93%
2022-05-06 08:00:00,ADA,Short,🛑 SL,-0.86%,-0.248%,21862.26,22121.17,-1.17%
2022-05-06 08:00:00,BNB,Short,🛑 SL,-0.55%,-0.158%,21827.64,22121.17,-1.33%
2022-05-06 08:00:00,DOGE,Short,🛑 SL,-0.80%,-0.230%,21777.37,22121.17,-1.55%
2022-05-07 00:00:00,ADA,Short,🛑 SL,-0.85%,-0.245%,21724.08,22121.17,-1.80%
2022-05-07 16:00:00,LTC,Short,🛑 SL,-0.76%,-0.219%,21676.54,22121.17,-2.01%
2022-05-08 00:00:00,LTC,Short,🛑 SL,-0.76%,-0.219%,21629.11,22121.17,-2.22%
2022-05-08 04:00:00,BNB,Short,Exit Short (Green),3.02%,0.869%,21817.17,22121.17,-1.37%
2022-05-08 04:00:00,ADA,Short,Exit Short (Green),2.52%,0.726%,21975.45,22121.17,-0.66%
2022-05-08 12:00:00,DOGE,Short,🛑 SL,-0.80%,-0.230%,21924.84,22121.17,-0.89%
2022-05-08 12:00:00,LTC,Short,🛑 SL,-0.76%,-0.219%,21876.87,22121.17,-1.10%
2022-05-09 08:00:00,LTC,Short,💰 TP,7.57%,2.179%,22353.65,22353.65,-0.00%
2022-05-09 08:00:00,ALGO,Short,💰 TP,8.54%,2.459%,22903.25,22903.25,-0.00%
2022-05-09 08:00:00,DOGE,Short,💰 TP,7.98%,2.297%,23429.44,23429.44,-0.00%
2022-05-11 00:00:00,ALGO,Short,💰 TP,11.28%,3.248%,24190.32,24190.32,-0.00%
2022-05-11 08:00:00,DOGE,Short,💰 TP,10.28%,2.960%,24906.26,24906.26,-0.00%
2022-05-11 08:00:00,LTC,Short,🛑 SL,-1.00%,-0.288%,24834.55,24906.26,-0.29%
2022-05-11 16:00:00,LTC,Short,💰 TP,9.89%,2.847%,25541.67,25541.67,-0.00%
2022-05-11 16:00:00,BNB,Short,💰 TP,7.12%,2.050%,26065.24,26065.24,-0.00%
2022-05-11 16:00:00,ADA,Short,💰 TP,11.44%,3.294%,26923.72,26923.72,-0.00%
2022-05-18 12:00:00,BNB,Short,🛑 SL,-0.75%,-0.216%,26865.58,26923.72,-0.22%
2022-05-18 16:00:00,DOGE,Short,Exit Short (Green),1.27%,0.366%,26963.81,26963.81,-0.00%
2022-05-18 16:00:00,ADA,Short,Exit Short (Green),3.63%,1.045%,27245.61,27245.61,-0.00%
2022-05-18 20:00:00,LTC,Short,🛑 SL,-1.14%,-0.328%,27156.18,27245.61,-0.33%
2022-05-18 20:00:00,BNB,Short,🛑 SL,-0.75%,-0.216%,27097.55,27245.61,-0.54%
2022-05-18 20:00:00,ALGO,Short,🛑 SL,-1.46%,-0.420%,26983.65,27245.61,-0.96%
2022-05-19 04:00:00,ALGO,Short,🛑 SL,-1.46%,-0.420%,26870.22,27245.61,-1.38%
2022-05-19 16:00:00,ALGO,Short,🛑 SL,-1.46%,-0.420%,26757.28,27245.61,-1.79%
2022-05-20 12:00:00,ALGO,Short,🛑 SL,-1.50%,-0.432%,26641.73,27245.61,-2.22%
2022-05-23 16:00:00,ADA,Short,🛑 SL,-1.30%,-0.374%,26542.02,27245.61,-2.58%
2022-05-23 20:00:00,DOGE,Short,🛑 SL,-1.25%,-0.360%,26446.5,27245.61,-2.93%
2022-05-24 00:00:00,ALGO,Short,Exit Short (Green),1.01%,0.291%,26523.4,27245.61,-2.65%
2022-05-24 16:00:00,DOGE,Short,Exit Short (Green),-0.73%,-0.210%,26467.66,27245.61,-2.86%
2022-05-25 12:00:00,ADA,Short,Exit Short (Green),1.65%,0.475%,26593.39,27245.61,-2.39%
2022-05-26 08:00:00,BNB,Short,🛑 SL,-0.69%,-0.199%,26540.56,27245.61,-2.59%
2022-05-26 12:00:00,ADA,Short,Exit Short (Green),0.10%,0.029%,26548.2,27245.61,-2.56%
2022-05-26 12:00:00,ALGO,Short,Exit Short (Green),-0.03%,-0.009%,26545.91,27245.61,-2.57%
2022-05-26 12:00:00,LTC,Short,Exit Short (Green),4.03%,1.160%,26853.9,27245.61,-1.44%
2022-05-26 12:00:00,DOGE,Short,Exit Short (Green),0.75%,0.216%,26911.89,27245.61,-1.22%
2022-05-26 12:00:00,BNB,Short,🛑 SL,-0.69%,-0.199%,26858.43,27245.61,-1.42%
2022-05-29 04:00:00,ALGO,Short,Exit Short (Green),-1.28%,-0.369%,26759.45,27245.61,-1.78%
2022-06-01 16:00:00,LTC,Short,🛑 SL,-1.12%,-0.322%,26673.16,27245.61,-2.10%
2022-06-01 20:00:00,BNB,Short,🛑 SL,-0.71%,-0.204%,26618.64,27245.61,-2.30%
2022-06-02 04:00:00,ALGO,Short,Exit Short (Green),3.26%,0.939%,26868.47,27245.61,-1.38%
2022-06-02 04:00:00,DOGE,Short,Exit Short (Green),2.09%,0.602%,27030.14,27245.61,-0.79%
2022-06-03 16:00:00,LTC,Short,Exit Short (Green),-0.49%,-0.141%,26992.01,27245.61,-0.93%
2022-06-03 16:00:00,ALGO,Short,Exit Short (Green),-0.70%,-0.202%,26937.61,27245.61,-1.13%
2022-06-03 16:00:00,BNB,Short,Exit Short (Green),0.44%,0.127%,26971.74,27245.61,-1.01%
2022-06-04 00:00:00,LTC,Short,🛑 SL,-1.10%,-0.317%,26886.32,27245.61,-1.32%
2022-06-04 04:00:00,BNB,Short,Exit Short (Green),-0.24%,-0.069%,26867.74,27245.61,-1.39%
2022-06-04 04:00:00,ALGO,Short,Exit Short (Green),0.01%,0.003%,26868.52,27245.61,-1.38%
2022-06-04 16:00:00,ALGO,Short,Exit Short (Green),-0.72%,-0.207%,26812.82,27245.61,-1.59%
2022-06-07 04:00:00,DOGE,Short,Exit Short (Green),1.01%,0.291%,26890.79,27245.61,-1.30%
2022-06-07 04:00:00,LTC,Short,Exit Short (Green),0.32%,0.092%,26915.56,27245.61,-1.21%
2022-06-07 04:00:00,BNB,Short,Exit Short (Green),3.49%,1.005%,27186.0,27245.61,-0.22%
2022-06-09 20:00:00,LTC,Short,Exit Short (Green),-0.17%,-0.049%,27172.7,27245.61,-0.27%
2022-06-10 00:00:00,DOGE,Short,Exit Short (Green),-0.76%,-0.219%,27113.24,27245.61,-0.49%
2022-06-10 20:00:00,DOGE,Short,Exit Short (Green),4.34%,1.249%,27452.02,27452.02,-0.00%
2022-06-11 00:00:00,ALGO,Short,Exit Short (Green),0.17%,0.049%,27465.45,27465.45,-0.00%
2022-06-11 16:00:00,BNB,Short,Exit Short (Green),0.66%,0.190%,27517.64,27517.64,-0.00%
2022-06-11 16:00:00,ADA,Short,Exit Short (Green),2.14%,0.616%,27687.18,27687.18,-0.00%
2022-06-13 00:00:00,BNB,Short,💰 TP,7.91%,2.277%,28317.7,28317.7,-0.00%
2022-06-13 08:00:00,ALGO,Short,Exit Short (Green),6.83%,1.966%,28874.52,28874.52,-0.00%
2022-06-15 04:00:00,ALGO,Short,🛑 SL,-1.93%,-0.556%,28714.08,28874.52,-0.56%
2022-06-15 04:00:00,BNB,Short,🛑 SL,-0.99%,-0.285%,28632.24,28874.52,-0.84%
2022-06-15 12:00:00,BNB,Short,🛑 SL,-0.99%,-0.285%,28550.63,28874.52,-1.12%
2022-06-18 04:00:00,ALGO,Short,🛑 SL,-1.84%,-0.530%,28399.39,28874.52,-1.65%
2022-06-18 04:00:00,ADA,Short,🛑 SL,-1.38%,-0.397%,28286.56,28874.52,-2.04%
2022-06-18 04:00:00,LTC,Short,🛑 SL,-1.41%,-0.406%,28171.73,28874.52,-2.43%
2022-06-18 08:00:00,DOGE,Short,Exit Short (Green),0.04%,0.012%,28174.98,28874.52,-2.42%
2022-06-18 08:00:00,BNB,Short,Exit Short (Green),2.26%,0.651%,28358.3,28874.52,-1.79%
2022-06-18 16:00:00,LTC,Short,🛑 SL,-1.41%,-0.406%,28243.18,28874.52,-2.19%
2022-06-18 20:00:00,ALGO,Short,Exit Short (Green),0.02%,0.006%,28244.81,28874.52,-2.18%
2022-06-27 00:00:00,ALGO,Short,Exit Short (Green),-1.24%,-0.357%,28143.97,28874.52,-2.53%
2022-06-27 12:00:00,ADA,Short,🛑 SL,-1.35%,-0.389%,28034.59,28874.52,-2.91%
2022-06-27 20:00:00,ALGO,Short,Exit Short (Green),1.13%,0.325%,28125.79,28874.52,-2.59%
2022-06-28 00:00:00,LTC,Short,🛑 SL,-1.14%,-0.328%,28033.48,28874.52,-2.91%
2022-06-28 00:00:00,ADA,Short,🛑 SL,-1.35%,-0.389%,27924.53,28874.52,-3.29%
2022-06-29 00:00:00,ADA,Short,Exit Short (Green),1.59%,0.458%,28052.35,28874.52,-2.85%
2022-06-29 00:00:00,LTC,Short,Exit Short (Green),3.17%,0.913%,28308.37,28874.52,-1.96%
2022-06-29 04:00:00,DOGE,Short,🛑 SL,-1.49%,-0.429%,28186.94,28874.52,-2.38%
2022-06-29 16:00:00,BNB,Short,Exit Short (Green),3.96%,1.140%,28508.29,28874.52,-1.27%
2022-06-30 08:00:00,DOGE,Short,🛑 SL,-1.51%,-0.435%,28384.36,28874.52,-1.70%
2022-06-30 12:00:00,ALGO,Short,Exit Short (Green),12.05%,3.469%,29369.07,29369.07,-0.00%
2022-06-30 12:00:00,LTC,Short,Exit Short (Green),-0.06%,-0.017%,29363.99,29369.07,-0.02%
2022-06-30 16:00:00,DOGE,Short,🛑 SL,-1.51%,-0.435%,29236.34,29369.07,-0.45%
2022-06-30 16:00:00,LTC,Short,🛑 SL,-1.19%,-0.343%,29136.18,29369.07,-0.79%
2022-07-01 16:00:00,LTC,Short,Exit Short (Green),-0.35%,-0.101%,29106.82,29369.07,-0.89%
2022-07-02 04:00:00,LTC,Short,🛑 SL,-1.22%,-0.351%,29004.58,29369.07,-1.24%
2022-07-02 12:00:00,LTC,Short,🛑 SL,-1.22%,-0.351%,28902.71,29369.07,-1.59%
2022-07-03 00:00:00,LTC,Short,🛑 SL,-1.20%,-0.345%,28802.85,29369.07,-1.93%
2022-07-03 08:00:00,LTC,Short,Exit Short (Green),-0.70%,-0.202%,28744.81,29369.07,-2.13%
2022-07-05 12:00:00,LTC,Short,🛑 SL,-1.22%,-0.351%,28643.84,29369.07,-2.47%
2022-07-05 20:00:00,LTC,Short,🛑 SL,-1.22%,-0.351%,28543.24,29369.07,-2.81%
2022-07-10 04:00:00,BNB,Short,Exit Short (Green),-0.04%,-0.012%,28539.95,29369.07,-2.82%
2022-07-10 04:00:00,DOGE,Short,Exit Short (Green),-0.10%,-0.029%,28531.73,29369.07,-2.85%
2022-07-10 12:00:00,LTC,Short,🛑 SL,-1.14%,-0.328%,28438.09,29369.07,-3.17%
2022-07-10 16:00:00,ALGO,Short,Exit Short (Green),-0.24%,-0.069%,28418.44,29369.07,-3.24%
2022-07-10 16:00:00,ADA,Short,Exit Short (Green),-0.59%,-0.170%,28370.17,29369.07,-3.40%
2022-07-11 04:00:00,LTC,Short,🛑 SL,-1.12%,-0.322%,28278.69,29369.07,-3.71%
2022-07-11 08:00:00,ALGO,Short,Exit Short (Green),2.18%,0.628%,28456.17,29369.07,-3.11%
2022-07-11 08:00:00,ADA,Short,Exit Short (Green),1.74%,0.501%,28598.72,29369.07,-2.62%
2022-07-11 16:00:00,LTC,Short,Exit Short (Green),0.26%,0.075%,28620.13,29369.07,-2.55%
2022-07-14 00:00:00,ALGO,Short,Exit Short (Green),-0.13%,-0.037%,28609.42,29369.07,-2.59%
2022-07-22 16:00:00,DOGE,Short,🛑 SL,-1.17%,-0.337%,28513.05,29369.07,-2.91%
2022-07-22 20:00:00,DOGE,Short,🛑 SL,-1.17%,-0.337%,28417.01,29369.07,-3.24%
2022-07-23 08:00:00,ADA,Short,🛑 SL,-1.11%,-0.320%,28326.19,29369.07,-3.55%
2022-07-23 12:00:00,ALGO,Short,Exit Short (Green),0.39%,0.112%,28358.0,29369.07,-3.44%
2022-07-23 16:00:00,DOGE,Short,🛑 SL,-1.17%,-0.337%,28262.48,29369.07,-3.77%
2022-07-25 04:00:00,ALGO,Short,Exit Short (Green),1.27%,0.366%,28365.81,29369.07,-3.42%
2022-07-25 04:00:00,DOGE,Short,Exit Short (Green),1.12%,0.322%,28457.28,29369.07,-3.10%
2022-07-26 08:00:00,ALGO,Short,Exit Short (Green),5.53%,1.592%,28910.34,29369.07,-1.56%
2022-07-26 16:00:00,ADA,Short,Exit Short (Green),3.82%,1.100%,29228.29,29369.07,-0.48%
2022-08-02 04:00:00,DOGE,Short,Exit Short (Green),1.01%,0.291%,29313.28,29369.07,-0.19%
2022-08-02 12:00:00,DOGE,Short,🛑 SL,-1.13%,-0.325%,29217.92,29369.07,-0.51%
2022-08-02 20:00:00,ALGO,Short,🛑 SL,-1.30%,-0.374%,29108.56,29369.07,-0.89%
2022-08-02 20:00:00,DOGE,Short,🛑 SL,-1.16%,-0.334%,29011.35,29369.07,-1.22%
2022-08-03 12:00:00,ALGO,Short,🛑 SL,-1.24%,-0.357%,28907.78,29369.07,-1.57%
2022-08-19 00:00:00,BTC,Long,Exit Signal,-5.38%,-1.614%,28441.21,29369.07,-3.16%
2022-08-19 00:00:00,ALGO,Short,💰 TP,9.35%,2.692%,29206.81,29369.07,-0.55%
2022-08-19 20:00:00,DOGE,Short,🛑 SL,-0.97%,-0.279%,29125.25,29369.07,-0.83%
2022-08-19 20:00:00,ADA,Short,🛑 SL,-1.17%,-0.337%,29027.14,29369.07,-1.16%
2022-08-20 16:00:00,ADA,Short,🛑 SL,-0.99%,-0.285%,28944.41,29369.07,-1.45%
2022-08-20 16:00:00,LTC,Short,🛑 SL,-0.84%,-0.242%,28874.41,29369.07,-1.68%
2022-08-20 20:00:00,ALGO,Short,Exit Short (Green),-0.11%,-0.032%,28865.26,29369.07,-1.72%
2022-08-22 04:00:00,LTC,Short,🛑 SL,-0.82%,-0.236%,28797.12,29369.07,-1.95%
2022-08-22 08:00:00,DOGE,Short,Exit Short (Green),1.02%,0.294%,28881.69,29369.07,-1.66%
2022-08-22 08:00:00,ALGO,Short,🛑 SL,-0.91%,-0.262%,28806.02,29369.07,-1.92%
2022-08-22 16:00:00,ALGO,Short,🛑 SL,-0.91%,-0.262%,28730.55,29369.07,-2.17%
2022-08-26 04:00:00,DOGE,Short,🛑 SL,-0.82%,-0.236%,28662.72,29369.07,-2.41%
2022-08-26 04:00:00,LTC,Short,🛑 SL,-0.76%,-0.219%,28600.01,29369.07,-2.62%
2022-08-26 08:00:00,ALGO,Short,🛑 SL,-0.85%,-0.245%,28530.02,29369.07,-2.86%
2022-08-26 08:00:00,LTC,Short,🛑 SL,-0.76%,-0.219%,28467.59,29369.07,-3.07%
2022-08-27 00:00:00,DOGE,Short,Exit Short (Green),4.83%,1.391%,28863.45,29369.07,-1.72%
2022-08-27 00:00:00,BNB,Short,🛑 SL,-0.60%,-0.173%,28813.59,29369.07,-1.89%
2022-08-27 00:00:00,ADA,Short,Exit Short (Green),0.57%,0.164%,28860.88,29369.07,-1.73%
2022-08-28 20:00:00,ADA,Short,🛑 SL,-0.92%,-0.265%,28784.43,29369.07,-1.99%
2022-08-29 00:00:00,DOGE,Short,Exit Short (Green),0.59%,0.170%,28833.33,29369.07,-1.82%
2022-08-29 08:00:00,BNB,Short,🛑 SL,-0.59%,-0.170%,28784.35,29369.07,-1.99%
2022-08-30 08:00:00,LTC,Short,🛑 SL,-0.78%,-0.225%,28719.71,29369.07,-2.21%
2022-08-30 12:00:00,DOGE,Short,🛑 SL,-0.89%,-0.256%,28646.12,29369.07,-2.46%
2022-08-30 12:00:00,LTC,Short,🛑 SL,-0.78%,-0.225%,28581.8,29369.07,-2.68%
2022-09-01 00:00:00,BNB,Short,🛑 SL,-0.58%,-0.167%,28534.07,29369.07,-2.84%
2022-09-01 04:00:00,DOGE,Short,🛑 SL,-0.90%,-0.259%,28460.13,29369.07,-3.09%
2022-09-01 08:00:00,ALGO,Short,🛑 SL,-0.85%,-0.245%,28390.49,29369.07,-3.33%
2022-09-01 16:00:00,BNB,Short,Exit Short (Green),0.11%,0.032%,28399.48,29369.07,-3.30%
2022-09-01 20:00:00,BNB,Short,🛑 SL,-0.58%,-0.167%,28352.06,29369.07,-3.46%
2022-09-05 08:00:00,BNB,Short,🛑 SL,-0.56%,-0.161%,28306.35,29369.07,-3.62%
2022-09-05 16:00:00,BNB,Short,🛑 SL,-0.56%,-0.161%,28260.71,29369.07,-3.77%
2022-09-06 08:00:00,ALGO,Short,🛑 SL,-0.79%,-0.227%,28196.43,29369.07,-3.99%
2022-09-06 20:00:00,ALGO,Short,Exit Short (Green),4.06%,1.169%,28526.02,29369.07,-2.87%
2022-09-07 00:00:00,BNB,Short,Exit Short (Green),3.80%,1.094%,28838.1,29369.07,-1.81%
2022-09-07 04:00:00,DOGE,Short,Exit Short (Green),2.87%,0.826%,29076.38,29369.07,-1.00%
2022-09-13 00:00:00,BTC,Long,Stop Loss,-9.91%,-2.973%,28211.94,29369.07,-3.94%
2022-09-13 20:00:00,ADA,Short,🛑 SL,-0.77%,-0.222%,28149.4,29369.07,-4.15%
2022-09-14 00:00:00,DOGE,Short,Exit Short (Green),3.31%,0.953%,28417.64,29369.07,-3.24%
2022-09-14 12:00:00,BNB,Short,🛑 SL,-0.56%,-0.161%,28371.83,29369.07,-3.40%
2022-09-15 00:00:00,ALGO,Short,🛑 SL,-0.75%,-0.216%,28310.57,29369.07,-3.60%
2022-09-15 00:00:00,BNB,Short,🛑 SL,-0.56%,-0.161%,28264.92,29369.07,-3.76%
2022-09-15 08:00:00,BNB,Short,🛑 SL,-0.56%,-0.161%,28219.35,29369.07,-3.91%
2022-09-15 12:00:00,ALGO,Short,🛑 SL,-0.75%,-0.216%,28158.42,29369.07,-4.12%
2022-09-15 16:00:00,DOGE,Short,Exit Short (Green),-0.51%,-0.147%,28117.08,29369.07,-4.26%
2022-09-15 20:00:00,ALGO,Short,🛑 SL,-0.75%,-0.216%,28056.36,29369.07,-4.47%
2022-09-16 04:00:00,ADA,Short,🛑 SL,-0.75%,-0.216%,27995.78,29369.07,-4.68%
2022-09-16 04:00:00,DOGE,Short,🛑 SL,-0.86%,-0.248%,27926.47,29369.07,-4.91%
2022-09-16 08:00:00,DOGE,Short,🛑 SL,-0.86%,-0.248%,27857.32,29369.07,-5.15%
2022-09-16 12:00:00,DOGE,Short,🛑 SL,-0.86%,-0.248%,27788.35,29369.07,-5.38%
2022-09-16 16:00:00,ADA,Short,Exit Short (Green),-0.13%,-0.037%,27777.95,29369.07,-5.42%
2022-09-18 16:00:00,ALGO,Short,🛑 SL,-0.75%,-0.216%,27717.97,29369.07,-5.62%
2022-09-18 20:00:00,LTC,Short,💰 TP,7.42%,2.136%,28310.09,29369.07,-3.61%
2022-09-18 20:00:00,BNB,Short,🛑 SL,-0.57%,-0.164%,28263.63,29369.07,-3.76%
2022-09-19 08:00:00,DOGE,Short,Exit Short (Green),2.03%,0.584%,28428.81,29369.07,-3.20%
2022-09-19 08:00:00,ADA,Short,Exit Short (Green),3.17%,0.913%,28688.27,29369.07,-2.32%
2022-09-20 12:00:00,ADA,Short,Exit Short (Green),1.30%,0.374%,28795.64,29369.07,-1.95%
2022-09-21 12:00:00,DOGE,Short,🛑 SL,-0.87%,-0.250%,28723.51,29369.07,-2.20%
2022-09-21 12:00:00,ADA,Short,🛑 SL,-0.75%,-0.216%,28661.49,29369.07,-2.41%
2022-09-21 20:00:00,LTC,Short,🛑 SL,-0.81%,-0.233%,28594.65,29369.07,-2.64%
2022-09-21 20:00:00,ADA,Short,🛑 SL,-0.75%,-0.216%,28532.91,29369.07,-2.85%
2022-09-22 00:00:00,DOGE,Short,Exit Short (Green),0.21%,0.060%,28550.16,29369.07,-2.79%
2022-09-25 12:00:00,LTC,Short,🛑 SL,-0.73%,-0.210%,28490.16,29369.07,-2.99%
2022-09-26 00:00:00,LTC,Short,Exit Short (Green),0.58%,0.167%,28537.73,29369.07,-2.83%
2022-09-26 12:00:00,ADA,Short,Exit Short (Green),1.07%,0.308%,28625.64,29369.07,-2.53%
2022-09-27 12:00:00,LTC,Short,🛑 SL,-0.73%,-0.210%,28565.48,29369.07,-2.74%
2022-09-27 16:00:00,BNB,Short,🛑 SL,-0.51%,-0.147%,28523.54,29369.07,-2.88%
2022-09-28 00:00:00,LTC,Short,🛑 SL,-0.73%,-0.210%,28463.59,29369.07,-3.08%
2022-09-28 04:00:00,ADA,Short,Exit Short (Green),1.42%,0.409%,28579.95,29369.07,-2.69%
2022-09-28 04:00:00,DOGE,Short,Exit Short (Green),0.27%,0.078%,28602.17,29369.07,-2.61%
2022-09-28 04:00:00,LTC,Short,🛑 SL,-0.73%,-0.210%,28542.06,29369.07,-2.82%
2022-09-28 04:00:00,BNB,Short,Exit Short (Green),0.11%,0.032%,28551.1,29369.07,-2.79%
2022-09-28 16:00:00,ADA,Short,🛑 SL,-0.68%,-0.196%,28495.2,29369.07,-2.98%
2022-10-01 20:00:00,ADA,Short,🛑 SL,-0.68%,-0.196%,28439.42,29369.07,-3.17%
2022-10-01 20:00:00,LTC,Short,Exit Short (Green),-0.09%,-0.026%,28432.05,29369.07,-3.19%
2022-10-02 00:00:00,LTC,Short,🛑 SL,-0.70%,-0.202%,28374.75,29369.07,-3.39%
2022-10-02 08:00:00,DOGE,Short,🛑 SL,-0.74%,-0.213%,28314.3,29369.07,-3.59%
2022-10-02 12:00:00,LTC,Short,Exit Short (Green),0.47%,0.135%,28352.61,29369.07,-3.46%
2022-10-02 16:00:00,ADA,Short,Exit Short (Green),0.33%,0.095%,28379.55,29369.07,-3.37%
2022-10-03 00:00:00,LTC,Short,Exit Short (Green),0.83%,0.239%,28447.36,29369.07,-3.14%
2022-10-03 00:00:00,DOGE,Short,Exit Short (Green),0.17%,0.049%,28461.29,29369.07,-3.09%
2022-10-03 08:00:00,DOGE,Short,🛑 SL,-0.74%,-0.213%,28400.65,29369.07,-3.30%
2022-10-03 08:00:00,LTC,Short,🛑 SL,-0.70%,-0.202%,28343.41,29369.07,-3.49%
2022-10-07 00:00:00,LTC,Short,🛑 SL,-0.68%,-0.196%,28287.93,29369.07,-3.68%
2022-10-07 08:00:00,LTC,Short,🛑 SL,-0.68%,-0.196%,28232.55,29369.07,-3.87%
2022-10-07 16:00:00,ADA,Short,Exit Short (Green),-0.31%,-0.089%,28207.35,29369.07,-3.96%
2022-10-08 00:00:00,ADA,Short,Exit Short (Green),-0.28%,-0.081%,28184.61,29369.07,-4.03%
2022-10-08 20:00:00,DOGE,Short,🛑 SL,-0.69%,-0.199%,28128.62,29369.07,-4.22%
2022-10-09 00:00:00,DOGE,Short,🛑 SL,-0.67%,-0.193%,28074.36,29369.07,-4.41%
2022-10-09 04:00:00,ADA,Short,Exit Short (Green),-0.07%,-0.020%,28068.7,29369.07,-4.43%
2022-10-09 04:00:00,BNB,Short,Exit Short (Green),0.43%,0.124%,28103.45,29369.07,-4.31%
2022-10-09 20:00:00,ADA,Short,Exit Short (Green),-0.36%,-0.104%,28074.33,29369.07,-4.41%
2022-10-10 08:00:00,ALGO,Short,🛑 SL,-0.62%,-0.178%,28024.21,29369.07,-4.58%
2022-10-10 20:00:00,ADA,Short,💰 TP,6.54%,1.883%,28551.87,29369.07,-2.78%
2022-10-11 04:00:00,BNB,Short,Exit Short (Green),2.69%,0.774%,28772.99,29369.07,-2.03%
2022-10-11 04:00:00,DOGE,Short,Exit Short (Green),3.07%,0.884%,29027.3,29369.07,-1.16%
2022-10-11 04:00:00,LTC,Short,Exit Short (Green),0.86%,0.248%,29099.17,29369.07,-0.92%
2022-10-11 20:00:00,LTC,Short,Exit Short (Green),0.69%,0.199%,29156.98,29369.07,-0.72%
2022-10-13 00:00:00,ADA,Short,💰 TP,7.09%,2.041%,29752.13,29752.13,-0.00%
2022-10-13 04:00:00,ALGO,Short,💰 TP,6.61%,1.903%,30318.32,30318.32,-0.00%
2022-10-13 08:00:00,DOGE,Short,🛑 SL,-0.71%,-0.204%,30256.35,30318.32,-0.20%
2022-10-13 12:00:00,LTC,Short,Exit Short (Green),1.79%,0.515%,30412.27,30412.27,-0.00%
2022-10-13 12:00:00,BNB,Short,Exit Short (Green),0.15%,0.043%,30425.41,30425.41,-0.00%
2022-10-15 20:00:00,BNB,Short,🛑 SL,-0.49%,-0.141%,30382.48,30425.41,-0.14%
2022-10-16 00:00:00,LTC,Short,Exit Short (Green),0.71%,0.204%,30444.59,30444.59,-0.00%
2022-10-16 12:00:00,LTC,Short,🛑 SL,-0.69%,-0.199%,30384.11,30444.59,-0.20%
2022-10-18 12:00:00,ALGO,Short,🛑 SL,-0.64%,-0.184%,30328.13,30444.59,-0.38%
2022-10-18 16:00:00,ADA,Short,🛑 SL,-0.75%,-0.216%,30262.64,30444.59,-0.60%
2022-10-19 12:00:00,ADA,Short,Exit Short (Green),0.97%,0.279%,30347.15,30444.59,-0.32%
2022-10-19 12:00:00,ALGO,Short,Exit Short (Green),0.73%,0.210%,30410.93,30444.59,-0.11%
2022-10-19 20:00:00,DOGE,Short,🛑 SL,-0.70%,-0.202%,30349.65,30444.59,-0.31%
2022-10-20 00:00:00,LTC,Short,Exit Short (Green),-0.41%,-0.118%,30313.82,30444.59,-0.43%
2022-10-20 00:00:00,BNB,Short,🛑 SL,-0.47%,-0.135%,30272.8,30444.59,-0.56%
2022-10-20 12:00:00,ALGO,Short,🛑 SL,-0.68%,-0.196%,30213.54,30444.59,-0.76%
2022-10-20 12:00:00,LTC,Short,🛑 SL,-0.67%,-0.193%,30155.26,30444.59,-0.95%
2022-10-20 16:00:00,ALGO,Short,🛑 SL,-0.68%,-0.196%,30096.22,30444.59,-1.14%
2022-10-21 00:00:00,ALGO,Short,🛑 SL,-0.68%,-0.196%,30037.3,30444.59,-1.34%
2022-10-21 08:00:00,DOGE,Short,🛑 SL,-0.69%,-0.199%,29977.63,30444.59,-1.53%
2022-10-21 08:00:00,ALGO,Short,🛑 SL,-0.68%,-0.196%,29918.94,30444.59,-1.73%
2022-10-21 08:00:00,LTC,Short,🛑 SL,-0.67%,-0.193%,29861.23,30444.59,-1.92%
2022-10-21 12:00:00,BNB,Short,Exit Short (Green),0.11%,0.032%,29870.69,30444.59,-1.89%
2022-10-21 12:00:00,ADA,Short,Exit Short (Green),1.09%,0.314%,29964.43,30444.59,-1.58%
2022-10-21 20:00:00,ADA,Short,Exit Short (Green),-0.46%,-0.132%,29924.74,30444.59,-1.71%
2022-10-22 04:00:00,BNB,Short,Exit Short (Green),0.11%,0.032%,29934.22,30444.59,-1.68%
2022-10-24 08:00:00,ALGO,Short,🛑 SL,-0.65%,-0.187%,29878.2,30444.59,-1.86%
2022-11-02 12:00:00,ADA,Short,Exit Short (Green),1.01%,0.291%,29965.08,30444.59,-1.58%
2022-11-07 23:00:00,ADA,Short,🛑 SL,-0.65%,-0.187%,29909.01,30444.59,-1.76%
2022-11-08 00:00:00,BTC,Long,Stop Loss,-6.24%,-1.872%,29349.11,30444.59,-3.60%
2022-11-08 11:00:00,ALGO,Short,🛑 SL,-0.65%,-0.187%,29294.19,30444.59,-3.78%
2022-11-08 11:00:00,ADA,Short,💰 TP,6.45%,1.857%,29838.17,30444.59,-1.99%
2022-11-09 07:00:00,LTC,Short,🛑 SL,-0.63%,-0.181%,29784.05,30444.59,-2.17%
2022-11-09 15:00:00,DOGE,Short,💰 TP,8.38%,2.413%,30502.62,30502.62,-0.00%
2022-11-09 15:00:00,LTC,Short,🛑 SL,-0.63%,-0.181%,30447.29,30502.62,-0.18%
2022-11-09 19:00:00,BNB,Short,🛑 SL,-0.46%,-0.132%,30406.97,30502.62,-0.31%
2022-11-10 07:00:00,LTC,Short,🛑 SL,-0.65%,-0.187%,30350.07,30502.62,-0.50%
2022-11-13 07:00:00,ADA,Short,🛑 SL,-0.77%,-0.222%,30282.79,30502.62,-0.72%
2022-11-13 23:00:00,ALGO,Short,🛑 SL,-0.93%,-0.268%,30201.71,30502.62,-0.99%
2022-11-13 23:00:00,BNB,Short,🛑 SL,-0.53%,-0.153%,30155.62,30502.62,-1.14%
2022-11-14 03:00:00,ADA,Short,Exit Short (Green),1.13%,0.325%,30253.73,30502.62,-0.82%
2022-11-14 11:00:00,ALGO,Short,🛑 SL,-0.93%,-0.268%,30172.72,30502.62,-1.08%
2022-11-16 23:00:00,BNB,Short,🛑 SL,-0.54%,-0.155%,30125.82,30502.62,-1.24%
2022-11-17 11:00:00,BNB,Short,🛑 SL,-0.54%,-0.155%,30078.98,30502.62,-1.39%
2022-11-17 11:00:00,DOGE,Short,🛑 SL,-0.89%,-0.256%,30001.91,30502.62,-1.64%
2022-11-17 11:00:00,ADA,Short,🛑 SL,-0.79%,-0.227%,29933.67,30502.62,-1.87%
2022-11-17 11:00:00,ALGO,Short,🛑 SL,-0.91%,-0.262%,29855.25,30502.62,-2.12%
2022-11-17 19:00:00,ADA,Short,Exit Short (Green),-0.33%,-0.095%,29826.89,30502.62,-2.22%
2022-11-20 07:00:00,BNB,Short,🛑 SL,-0.53%,-0.153%,29781.37,30502.62,-2.36%
2022-11-20 11:00:00,DOGE,Short,Exit Short (Green),1.22%,0.351%,29885.98,30502.62,-2.02%
2022-11-20 15:00:00,ADA,Short,Exit Short (Green),0.40%,0.115%,29920.39,30502.62,-1.91%
2022-11-21 03:00:00,ALGO,Short,Exit Short (Green),3.45%,0.993%,30217.58,30502.62,-0.93%
2022-11-21 07:00:00,BNB,Short,Exit Short (Green),3.94%,1.134%,30560.35,30560.35,-0.00%
2022-11-28 03:00:00,ALGO,Short,Exit Short (Green),2.00%,0.576%,30736.31,30736.31,-0.00%
2022-11-28 03:00:00,ADA,Short,Exit Short (Green),1.56%,0.449%,30874.36,30874.36,-0.00%
2022-12-01 23:00:00,ALGO,Short,🛑 SL,-0.99%,-0.285%,30786.36,30874.36,-0.29%
2022-12-05 19:00:00,ALGO,Short,Exit Short (Green),0.10%,0.029%,30795.22,30874.36,-0.26%
2022-12-05 19:00:00,BNB,Short,Exit Short (Green),-0.38%,-0.109%,30761.53,30874.36,-0.37%
2022-12-06 07:00:00,BNB,Short,🛑 SL,-0.49%,-0.141%,30718.13,30874.36,-0.51%
2022-12-07 07:00:00,ADA,Short,Exit Short (Green),0.46%,0.132%,30758.82,30874.36,-0.37%
2022-12-07 07:00:00,BNB,Short,Exit Short (Green),0.84%,0.242%,30833.2,30874.36,-0.13%
2022-12-07 19:00:00,ADA,Short,Exit Short (Green),0.22%,0.063%,30852.73,30874.36,-0.07%
2022-12-08 07:00:00,ALGO,Short,🛑 SL,-1.06%,-0.305%,30758.58,30874.36,-0.38%
2022-12-11 19:00:00,BNB,Short,🛑 SL,-0.49%,-0.141%,30715.19,30874.36,-0.52%
2022-12-12 03:00:00,ADA,Short,Exit Short (Green),1.44%,0.415%,30842.52,30874.36,-0.10%
2022-12-12 07:00:00,ALGO,Short,Exit Short (Green),2.51%,0.723%,31065.4,31065.4,-0.00%
2022-12-13 03:00:00,ADA,Short,🛑 SL,-0.69%,-0.199%,31003.69,31065.4,-0.20%
2022-12-13 03:00:00,ALGO,Short,🛑 SL,-1.07%,-0.308%,30908.18,31065.4,-0.51%
2022-12-14 23:00:00,DOGE,Short,🛑 SL,-0.92%,-0.265%,30826.31,31065.4,-0.77%
2022-12-15 11:00:00,ADA,Short,🛑 SL,-0.68%,-0.196%,30765.97,31065.4,-0.96%
2022-12-15 19:00:00,ALGO,Short,🛑 SL,-1.08%,-0.311%,30670.3,31065.4,-1.27%
2022-12-15 23:00:00,ADA,Short,Exit Short (Green),-0.24%,-0.069%,30649.11,31065.4,-1.34%
2022-12-15 23:00:00,DOGE,Short,Exit Short (Green),0.46%,0.132%,30689.7,31065.4,-1.21%
2022-12-16 00:00:00,BTC,Long,Exit Signal,-4.00%,-1.200%,30321.43,31065.4,-2.39%
2022-12-16 11:00:00,BNB,Short,💰 TP,5.50%,1.583%,30801.55,31065.4,-0.85%
2022-12-16 15:00:00,ALGO,Short,Exit Short (Green),3.24%,0.933%,31088.87,31088.87,-0.00%
2022-12-16 15:00:00,ADA,Short,Exit Short (Green),4.97%,1.431%,31533.7,31533.7,-0.00%
2022-12-18 23:00:00,LTC,Short,🛑 SL,-0.64%,-0.184%,31475.6,31533.7,-0.18%
2022-12-19 15:00:00,LTC,Short,🛑 SL,-0.64%,-0.184%,31417.61,31533.7,-0.37%
2022-12-19 23:00:00,DOGE,Short,Exit Short (Green),0.03%,0.009%,31420.32,31533.7,-0.36%
2022-12-19 23:00:00,ALGO,Short,Exit Short (Green),1.01%,0.291%,31511.68,31533.7,-0.07%
2022-12-19 23:00:00,ADA,Short,Exit Short (Green),1.49%,0.429%,31646.86,31646.86,-0.00%
2022-12-20 07:00:00,DOGE,Short,Exit Short (Green),-0.68%,-0.196%,31584.9,31646.86,-0.20%
2022-12-20 23:00:00,ADA,Short,🛑 SL,-0.79%,-0.227%,31513.07,31646.86,-0.42%
2022-12-21 15:00:00,ADA,Short,🛑 SL,-0.79%,-0.227%,31441.39,31646.86,-0.65%
2022-12-22 03:00:00,ALGO,Short,🛑 SL,-1.34%,-0.386%,31320.1,31646.86,-1.03%
2022-12-22 11:00:00,ADA,Short,🛑 SL,-0.79%,-0.227%,31248.86,31646.86,-1.26%
2022-12-22 15:00:00,ALGO,Short,Exit Short (Green),0.63%,0.181%,31305.54,31646.86,-1.08%
2022-12-25 15:00:00,ADA,Short,Exit Short (Green),-0.04%,-0.012%,31301.94,31646.86,-1.09%
2022-12-25 19:00:00,BNB,Short,Exit Short (Green),0.08%,0.023%,31309.14,31646.86,-1.07%
2022-12-25 19:00:00,ALGO,Short,Exit Short (Green),-0.44%,-0.127%,31269.48,31646.86,-1.19%
2022-12-26 07:00:00,BNB,Short,Exit Short (Green),0.08%,0.023%,31276.69,31646.86,-1.17%
2022-12-27 19:00:00,DOGE,Short,Exit Short (Green),-0.71%,-0.204%,31212.75,31646.86,-1.37%
2022-12-28 03:00:00,BNB,Short,🛑 SL,-0.58%,-0.167%,31160.63,31646.86,-1.54%
2022-12-28 07:00:00,ALGO,Short,🛑 SL,-1.35%,-0.389%,31039.52,31646.86,-1.92%
2022-12-28 07:00:00,ADA,Short,Exit Short (Green),1.11%,0.320%,31138.72,31646.86,-1.61%
2022-12-28 11:00:00,BNB,Short,🛑 SL,-0.58%,-0.167%,31086.72,31646.86,-1.77%
2022-12-28 15:00:00,BNB,Short,🛑 SL,-0.58%,-0.167%,31034.81,31646.86,-1.93%
2022-12-29 15:00:00,ADA,Short,🛑 SL,-0.75%,-0.216%,30967.8,31646.86,-2.15%
2022-12-30 03:00:00,ALGO,Short,🛑 SL,-1.34%,-0.386%,30848.33,31646.86,-2.52%
2022-12-30 07:00:00,ADA,Short,Exit Short (Green),0.28%,0.081%,30873.2,31646.86,-2.44%
2022-12-30 15:00:00,DOGE,Short,Exit Short (Green),1.08%,0.311%,30969.19,31646.86,-2.14%
2023-01-01 19:00:00,DOGE,Short,🛑 SL,-1.17%,-0.337%,30864.87,31646.86,-2.47%
2023-01-01 23:00:00,BNB,Short,🛑 SL,-0.56%,-0.161%,30815.11,31646.86,-2.63%
2023-02-09 00:00:00,BTC,Long,Exit Signal,27.74%,8.322%,33379.55,33379.55,-0.00%
2023-02-13 11:00:00,ADA,Short,Exit Short (Green),0.59%,0.170%,33436.24,33436.24,-0.00%
2023-02-13 15:00:00,LTC,Short,🛑 SL,-0.53%,-0.153%,33385.22,33436.24,-0.15%
2023-02-21 19:00:00,DOGE,Short,🛑 SL,-0.70%,-0.202%,33317.94,33436.24,-0.35%
2023-02-22 15:00:00,DOGE,Short,Exit Short (Green),0.94%,0.271%,33408.11,33436.24,-0.08%
2023-02-22 19:00:00,DOGE,Short,🛑 SL,-0.69%,-0.199%,33341.75,33436.24,-0.28%
2023-02-24 15:00:00,LTC,Short,🛑 SL,-0.50%,-0.144%,33293.75,33436.24,-0.43%
2023-02-24 23:00:00,DOGE,Short,Exit Short (Green),1.97%,0.567%,33482.58,33482.58,-0.00%
2023-02-24 23:00:00,LTC,Short,🛑 SL,-0.50%,-0.144%,33434.38,33482.58,-0.14%
2023-02-25 03:00:00,BNB,Short,Exit Short (Green),0.46%,0.132%,33478.66,33482.58,-0.01%
2023-02-25 07:00:00,BNB,Short,🛑 SL,-0.42%,-0.121%,33438.18,33482.58,-0.13%
2023-02-25 11:00:00,ALGO,Short,🛑 SL,-0.58%,-0.167%,33382.34,33482.58,-0.30%
2023-02-25 15:00:00,DOGE,Short,🛑 SL,-0.73%,-0.210%,33312.18,33482.58,-0.51%
2023-02-25 15:00:00,BNB,Short,🛑 SL,-0.42%,-0.121%,33271.9,33482.58,-0.63%
2023-02-25 15:00:00,ADA,Short,🛑 SL,-0.47%,-0.135%,33226.88,33482.58,-0.76%
2023-02-25 19:00:00,ADA,Short,🛑 SL,-0.47%,-0.135%,33181.92,33482.58,-0.90%
2023-02-28 07:00:00,ALGO,Short,Exit Short (Green),0.17%,0.049%,33198.16,33482.58,-0.85%
2023-02-28 15:00:00,DOGE,Short,🛑 SL,-0.73%,-0.210%,33128.39,33482.58,-1.06%
2023-02-28 19:00:00,BNB,Short,🛑 SL,-0.41%,-0.118%,33089.29,33482.58,-1.17%
2023-02-28 23:00:00,ALGO,Short,Exit Short (Green),0.33%,0.095%,33120.72,33482.58,-1.08%
2023-02-28 23:00:00,ADA,Short,Exit Short (Green),0.01%,0.003%,33121.68,33482.58,-1.08%
2023-03-02 03:00:00,ALGO,Short,🛑 SL,-0.57%,-0.164%,33067.32,33482.58,-1.24%
2023-03-02 03:00:00,ADA,Short,🛑 SL,-0.48%,-0.138%,33021.63,33482.58,-1.38%
2023-03-02 11:00:00,DOGE,Short,🛑 SL,-0.71%,-0.204%,32954.13,33482.58,-1.58%
2023-03-02 15:00:00,BNB,Short,Exit Short (Green),-0.20%,-0.058%,32935.15,33482.58,-1.63%
2023-03-02 15:00:00,ALGO,Short,Exit Short (Green),-0.08%,-0.023%,32927.57,33482.58,-1.66%
2023-03-02 15:00:00,ADA,Short,Exit Short (Green),-0.25%,-0.072%,32903.87,33482.58,-1.73%
2023-03-02 19:00:00,LTC,Short,💰 TP,5.07%,1.460%,33384.15,33482.58,-0.29%
2023-03-02 19:00:00,DOGE,Short,💰 TP,7.06%,2.033%,34062.71,34062.71,-0.00%
2023-03-02 19:00:00,ADA,Short,💰 TP,4.80%,1.382%,34533.43,34533.43,-0.00%
2023-03-03 00:00:00,BTC,Long,Stop Loss,-6.82%,-2.046%,33826.87,34533.43,-2.05%
2023-03-04 15:00:00,BNB,Short,🛑 SL,-0.41%,-0.118%,33786.94,34533.43,-2.16%
2023-03-04 15:00:00,DOGE,Short,🛑 SL,-0.78%,-0.225%,33711.07,34533.43,-2.38%
2023-03-04 15:00:00,ALGO,Short,🛑 SL,-0.62%,-0.178%,33650.9,34533.43,-2.56%
2023-03-05 23:00:00,BNB,Short,🛑 SL,-0.41%,-0.118%,33611.18,34533.43,-2.67%
2023-03-05 23:00:00,ALGO,Short,🛑 SL,-0.62%,-0.178%,33551.18,34533.43,-2.84%
2023-03-06 03:00:00,ALGO,Short,🛑 SL,-0.62%,-0.178%,33491.29,34533.43,-3.02%
2023-03-06 07:00:00,LTC,Short,🛑 SL,-0.51%,-0.147%,33442.12,34533.43,-3.16%
2023-03-06 07:00:00,ADA,Short,🛑 SL,-0.52%,-0.150%,33392.05,34533.43,-3.31%
2023-03-06 19:00:00,LTC,Short,🛑 SL,-0.51%,-0.147%,33343.02,34533.43,-3.45%
2023-03-06 19:00:00,ADA,Short,🛑 SL,-0.52%,-0.150%,33293.11,34533.43,-3.59%
2023-03-07 07:00:00,DOGE,Short,🛑 SL,-0.75%,-0.216%,33221.22,34533.43,-3.80%
2023-03-07 11:00:00,LTC,Short,Exit Short (Green),0.36%,0.104%,33255.65,34533.43,-3.70%
2023-03-07 11:00:00,ALGO,Short,Exit Short (Green),0.55%,0.158%,33308.31,34533.43,-3.55%
2023-03-07 11:00:00,ADA,Short,Exit Short (Green),0.93%,0.268%,33397.49,34533.43,-3.29%
2023-03-07 15:00:00,DOGE,Short,🛑 SL,-0.75%,-0.216%,33325.38,34533.43,-3.50%
2023-03-07 19:00:00,ADA,Short,🛑 SL,-0.51%,-0.147%,33276.45,34533.43,-3.64%
2023-03-08 03:00:00,ADA,Short,🛑 SL,-0.53%,-0.153%,33225.67,34533.43,-3.79%
2023-03-08 03:00:00,DOGE,Short,🛑 SL,-0.74%,-0.213%,33154.88,34533.43,-3.99%
2023-03-08 07:00:00,LTC,Short,🛑 SL,-0.52%,-0.150%,33105.25,34533.43,-4.14%
2023-03-08 07:00:00,ADA,Short,🛑 SL,-0.53%,-0.153%,33054.73,34533.43,-4.28%
2023-03-08 07:00:00,DOGE,Short,🛑 SL,-0.75%,-0.216%,32983.36,34533.43,-4.49%
2023-03-08 15:00:00,ADA,Short,🛑 SL,-0.53%,-0.153%,32933.03,34533.43,-4.63%
2023-03-08 15:00:00,DOGE,Short,🛑 SL,-0.75%,-0.216%,32861.92,34533.43,-4.84%
2023-03-08 23:00:00,LTC,Short,Exit Short (Green),0.79%,0.227%,32936.66,34533.43,-4.62%
2023-03-09 15:00:00,BNB,Short,💰 TP,4.03%,1.160%,33318.81,34533.43,-3.52%
2023-03-09 15:00:00,LTC,Short,💰 TP,5.42%,1.560%,33838.72,34533.43,-2.01%
2023-03-09 15:00:00,DOGE,Short,💰 TP,7.57%,2.179%,34576.2,34576.2,-0.00%
2023-03-10 03:00:00,ALGO,Short,Exit Short (Green),2.89%,0.832%,34863.89,34863.89,-0.00%
2023-03-11 07:00:00,ALGO,Short,Exit Short (Green),0.54%,0.155%,34918.09,34918.09,-0.00%
2023-03-11 07:00:00,LTC,Short,Exit Short (Green),0.84%,0.242%,35002.53,35002.53,-0.00%
2023-03-15 20:00:00,DOGE,Short,Exit Short (Green),2.03%,0.584%,35207.1,35207.1,-0.00%
2023-03-15 20:00:00,LTC,Short,Exit Short (Green),3.46%,0.996%,35557.81,35557.81,-0.00%
2023-03-20 00:00:00,ADA,Short,🛑 SL,-0.56%,-0.161%,35500.48,35557.81,-0.16%
2023-03-20 00:00:00,LTC,Short,🛑 SL,-0.60%,-0.173%,35439.16,35557.81,-0.33%
2023-03-20 08:00:00,LTC,Short,🛑 SL,-0.60%,-0.173%,35377.94,35557.81,-0.51%
2023-03-20 12:00:00,ALGO,Short,🛑 SL,-0.69%,-0.199%,35307.66,35557.81,-0.70%
2023-03-20 20:00:00,ADA,Short,🛑 SL,-0.56%,-0.161%,35250.74,35557.81,-0.86%
2023-03-20 20:00:00,DOGE,Short,Exit Short (Green),1.35%,0.389%,35387.74,35557.81,-0.48%
2023-03-21 04:00:00,ADA,Short,🛑 SL,-0.56%,-0.161%,35330.69,35557.81,-0.64%
2023-03-21 12:00:00,ALGO,Short,🛑 SL,-0.69%,-0.199%,35260.51,35557.81,-0.84%
2023-03-24 12:00:00,ALGO,Short,🛑 SL,-0.72%,-0.207%,35187.42,35557.81,-1.04%
2023-03-24 20:00:00,ALGO,Short,🛑 SL,-0.72%,-0.207%,35114.48,35557.81,-1.25%
2023-03-25 08:00:00,ALGO,Short,🛑 SL,-0.73%,-0.210%,35040.68,35557.81,-1.45%
2023-03-25 16:00:00,DOGE,Short,🛑 SL,-0.71%,-0.204%,34969.05,35557.81,-1.66%
2023-03-25 20:00:00,ALGO,Short,Exit Short (Green),-0.08%,-0.023%,34961.0,35557.81,-1.68%
2023-03-27 12:00:00,DOGE,Short,🛑 SL,-0.70%,-0.202%,34890.54,35557.81,-1.88%
2023-03-27 16:00:00,ALGO,Short,🛑 SL,-0.73%,-0.210%,34817.21,35557.81,-2.08%
2023-03-28 00:00:00,DOGE,Short,🛑 SL,-0.70%,-0.202%,34747.04,35557.81,-2.28%
2023-04-02 20:00:00,ALGO,Short,Exit Short (Green),1.75%,0.504%,34922.11,35557.81,-1.79%
2023-04-02 20:00:00,BNB,Short,Exit Short (Green),-0.26%,-0.075%,34895.97,35557.81,-1.86%
2023-04-07 04:00:00,ALGO,Short,🛑 SL,-0.71%,-0.204%,34824.64,35557.81,-2.06%
2023-04-07 08:00:00,BNB,Short,Exit Short (Green),0.03%,0.009%,34827.65,35557.81,-2.05%
2023-04-07 20:00:00,BNB,Short,🛑 SL,-0.39%,-0.112%,34788.54,35557.81,-2.16%
2023-04-09 08:00:00,BNB,Short,Exit Short (Green),-0.19%,-0.055%,34769.51,35557.81,-2.22%
2023-04-10 08:00:00,ALGO,Short,🛑 SL,-0.71%,-0.204%,34698.44,35557.81,-2.42%
2023-04-12 00:00:00,ALGO,Short,🛑 SL,-0.71%,-0.204%,34627.51,35557.81,-2.62%
2023-04-12 08:00:00,ALGO,Short,🛑 SL,-0.72%,-0.207%,34555.73,35557.81,-2.82%
2023-04-19 12:00:00,ALGO,Short,Exit Short (Green),2.95%,0.849%,34849.22,35557.81,-1.99%
2023-04-20 00:00:00,BTC,Long,Exit Signal,14.20%,4.260%,36333.79,36333.79,-0.00%
2023-04-21 16:00:00,DOGE,Short,💰 TP,6.96%,2.004%,37061.84,37061.84,-0.00%
2023-04-22 00:00:00,LTC,Short,Exit Short (Green),1.80%,0.518%,37253.91,37253.91,-0.00%
2023-04-23 12:00:00,LTC,Short,🛑 SL,-0.63%,-0.181%,37186.34,37253.91,-0.18%
2023-04-24 12:00:00,ALGO,Short,🛑 SL,-0.85%,-0.245%,37095.34,37253.91,-0.43%
2023-04-24 12:00:00,ADA,Short,🛑 SL,-0.56%,-0.161%,37035.53,37253.91,-0.59%
2023-04-25 00:00:00,ADA,Short,🛑 SL,-0.56%,-0.161%,36975.82,37253.91,-0.75%
2023-04-25 16:00:00,ALGO,Short,Exit Short (Green),-0.20%,-0.058%,36954.53,37253.91,-0.80%
2023-04-26 16:00:00,DOGE,Short,🛑 SL,-0.74%,-0.213%,36875.8,37253.91,-1.01%
2023-04-26 16:00:00,LTC,Short,🛑 SL,-0.62%,-0.178%,36809.98,37253.91,-1.19%
2023-04-26 16:00:00,ALGO,Short,🛑 SL,-0.85%,-0.245%,36719.9,37253.91,-1.43%
2023-04-28 08:00:00,BNB,Short,🛑 SL,-0.39%,-0.112%,36678.67,37253.91,-1.54%
2023-05-01 04:00:00,LTC,Short,Exit Short (Green),0.18%,0.052%,36697.67,37253.91,-1.49%
2023-05-01 04:00:00,DOGE,Short,Exit Short (Green),0.05%,0.014%,36702.96,37253.91,-1.48%
2023-05-01 04:00:00,ALGO,Short,Exit Short (Green),0.35%,0.101%,36739.94,37253.91,-1.38%
2023-05-01 20:00:00,SUI,Short,Exit Short (Green),0.85%,0.245%,36829.85,37253.91,-1.14%
2023-05-02 08:00:00,ALGO,Short,🛑 SL,-0.84%,-0.242%,36740.78,37253.91,-1.38%
2023-05-03 08:00:00,BNB,Short,🛑 SL,-0.38%,-0.109%,36700.59,37253.91,-1.49%
2023-05-03 12:00:00,ADA,Short,🛑 SL,-0.55%,-0.158%,36642.47,37253.91,-1.64%
2023-05-03 12:00:00,DOGE,Short,Exit Short (Green),-0.26%,-0.075%,36615.04,37253.91,-1.71%
2023-05-05 08:00:00,DOGE,Short,🛑 SL,-0.70%,-0.202%,36541.25,37253.91,-1.91%
2023-05-05 12:00:00,SUI,Short,Exit Short (Green),-1.93%,-0.556%,36338.21,37253.91,-2.46%
2023-05-06 08:00:00,LTC,Short,💰 TP,5.92%,1.704%,36957.55,37253.91,-0.80%
2023-05-06 12:00:00,BNB,Short,🛑 SL,-0.37%,-0.107%,36918.18,37253.91,-0.90%
2023-05-06 16:00:00,SUI,Short,Exit Short (Green),4.28%,1.232%,37373.09,37373.09,-0.00%
2023-05-06 16:00:00,ALGO,Short,Exit Short (Green),-0.07%,-0.020%,37365.56,37373.09,-0.02%
2023-05-06 16:00:00,DOGE,Short,Exit Short (Green),0.12%,0.035%,37378.47,37378.47,-0.00%
2023-05-06 16:00:00,ADA,Short,Exit Short (Green),0.48%,0.138%,37430.12,37430.12,-0.00%
2023-05-07 00:00:00,BNB,Short,Exit Short (Green),0.03%,0.009%,37433.36,37433.36,-0.00%
2023-05-07 04:00:00,ALGO,Short,Exit Short (Green),-0.14%,-0.040%,37418.27,37433.36,-0.04%
2023-05-07 20:00:00,LTC,Short,🛑 SL,-0.65%,-0.187%,37348.25,37433.36,-0.23%
2023-05-08 04:00:00,LTC,Short,🛑 SL,-0.65%,-0.187%,37278.35,37433.36,-0.41%
2023-05-08 08:00:00,BNB,Short,Exit Short (Green),0.56%,0.161%,37338.46,37433.36,-0.25%
2023-05-08 08:00:00,ALGO,Short,Exit Short (Green),2.16%,0.622%,37570.65,37570.65,-0.00%
2023-05-08 08:00:00,DOGE,Short,Exit Short (Green),0.89%,0.256%,37666.92,37666.92,-0.00%
2023-05-08 08:00:00,ADA,Short,Exit Short (Green),1.24%,0.357%,37801.39,37801.39,-0.00%
2023-05-08 08:00:00,SUI,Short,Exit Short (Green),3.61%,1.039%,38194.26,38194.26,-0.00%
2023-05-08 12:00:00,LTC,Short,🛑 SL,-0.65%,-0.187%,38122.79,38194.26,-0.19%
2023-05-08 20:00:00,ADA,Short,Exit Short (Green),2.00%,0.576%,38342.3,38342.3,-0.00%
2023-05-10 04:00:00,ADA,Short,🛑 SL,-0.58%,-0.167%,38278.28,38342.3,-0.17%
2023-05-10 08:00:00,BNB,Short,🛑 SL,-0.38%,-0.109%,38236.4,38342.3,-0.28%
2023-05-10 12:00:00,ALGO,Short,🛑 SL,-0.85%,-0.245%,38142.83,38342.3,-0.52%
2023-05-10 12:00:00,BNB,Short,🛑 SL,-0.38%,-0.109%,38101.1,38342.3,-0.63%
2023-05-11 04:00:00,ALGO,Short,🛑 SL,-0.84%,-0.242%,38008.96,38342.3,-0.87%
2023-05-11 04:00:00,BNB,Short,🛑 SL,-0.37%,-0.107%,37968.47,38342.3,-0.97%
2023-05-11 08:00:00,BNB,Short,🛑 SL,-0.38%,-0.109%,37926.93,38342.3,-1.08%
2023-05-11 12:00:00,DOGE,Short,🛑 SL,-0.75%,-0.216%,37845.04,38342.3,-1.30%
2023-05-11 16:00:00,DOGE,Short,🛑 SL,-0.75%,-0.216%,37763.32,38342.3,-1.51%
2023-05-11 16:00:00,ADA,Short,🛑 SL,-0.57%,-0.164%,37701.35,38342.3,-1.67%
2023-05-11 16:00:00,ALGO,Short,🛑 SL,-0.86%,-0.248%,37608.0,38342.3,-1.92%
2023-05-11 20:00:00,ADA,Short,🛑 SL,-0.57%,-0.164%,37546.29,38342.3,-2.08%
2023-05-11 20:00:00,SUI,Short,Exit Short (Green),-0.17%,-0.049%,37527.91,38342.3,-2.12%
2023-05-11 20:00:00,BNB,Short,Exit Short (Green),0.16%,0.046%,37545.2,38342.3,-2.08%
2023-05-12 00:00:00,DOGE,Short,🛑 SL,-0.74%,-0.213%,37465.21,38342.3,-2.29%
2023-05-12 04:00:00,ALGO,Short,Exit Short (Green),0.88%,0.253%,37560.13,38342.3,-2.04%
2023-05-12 12:00:00,LTC,Short,🛑 SL,-0.67%,-0.193%,37487.68,38342.3,-2.23%
2023-05-12 16:00:00,ALGO,Short,🛑 SL,-0.86%,-0.248%,37394.86,38342.3,-2.47%
2023-05-14 20:00:00,DOGE,Short,🛑 SL,-0.72%,-0.207%,37317.34,38342.3,-2.67%
2023-05-16 12:00:00,BNB,Short,Exit Short (Green),-0.13%,-0.037%,37303.38,38342.3,-2.71%
2023-05-17 12:00:00,SUI,Short,Exit Short (Green),-0.23%,-0.066%,37278.68,38342.3,-2.77%
2023-05-17 12:00:00,BNB,Short,Exit Short (Green),0.48%,0.138%,37330.19,38342.3,-2.64%
2023-05-18 16:00:00,BNB,Short,🛑 SL,-0.36%,-0.104%,37291.5,38342.3,-2.74%
2023-05-18 20:00:00,ALGO,Short,Exit Short (Green),0.62%,0.178%,37358.07,38342.3,-2.57%
2023-05-20 08:00:00,ADA,Short,Exit Short (Green),0.22%,0.063%,37381.73,38342.3,-2.51%
2023-05-20 20:00:00,ADA,Short,Exit Short (Green),-0.13%,-0.037%,37367.74,38342.3,-2.54%
2023-05-21 16:00:00,ALGO,Short,Exit Short (Green),1.17%,0.337%,37493.61,38342.3,-2.21%
2023-05-21 16:00:00,DOGE,Short,Exit Short (Green),0.97%,0.279%,37598.31,38342.3,-1.94%
2023-05-21 16:00:00,ADA,Short,Exit Short (Green),0.74%,0.213%,37678.42,38342.3,-1.73%
2023-05-22 04:00:00,BNB,Short,Exit Short (Green),0.10%,0.029%,37689.26,38342.3,-1.70%
2023-05-22 04:00:00,SUI,Short,Exit Short (Green),1.50%,0.432%,37852.03,38342.3,-1.28%
2023-05-22 16:00:00,DOGE,Short,Exit Short (Green),0.10%,0.029%,37862.92,38342.3,-1.25%
2023-05-24 08:00:00,ALGO,Short,Exit Short (Green),0.46%,0.132%,37913.07,38342.3,-1.12%
2023-05-24 08:00:00,BNB,Short,🛑 SL,-0.35%,-0.101%,37874.86,38342.3,-1.22%
2023-05-24 16:00:00,DOGE,Short,Exit Short (Green),0.03%,0.009%,37878.13,38342.3,-1.21%
2023-05-24 20:00:00,SUI,Short,Exit Short (Green),-0.34%,-0.098%,37841.06,38342.3,-1.31%
2023-05-24 20:00:00,ADA,Short,🛑 SL,-0.54%,-0.155%,37782.23,38342.3,-1.46%
2023-05-25 00:00:00,BNB,Short,🛑 SL,-0.34%,-0.098%,37745.24,38342.3,-1.56%
2023-05-25 04:00:00,ADA,Short,🛑 SL,-0.54%,-0.155%,37686.56,38342.3,-1.71%
2023-05-25 04:00:00,BNB,Short,🛑 SL,-0.34%,-0.098%,37649.67,38342.3,-1.81%
2023-05-25 12:00:00,ADA,Short,🛑 SL,-0.54%,-0.155%,37591.14,38342.3,-1.96%
2023-05-25 12:00:00,BNB,Short,🛑 SL,-0.34%,-0.098%,37554.34,38342.3,-2.06%
2023-05-26 00:00:00,BNB,Short,🛑 SL,-0.36%,-0.104%,37515.42,38342.3,-2.16%
2023-05-26 00:00:00,ADA,Short,🛑 SL,-0.53%,-0.153%,37458.18,38342.3,-2.31%
2023-05-26 08:00:00,ADA,Short,🛑 SL,-0.53%,-0.153%,37401.02,38342.3,-2.45%
2023-05-30 12:00:00,ALGO,Short,🛑 SL,-0.75%,-0.216%,37320.26,38342.3,-2.67%
2023-05-31 00:00:00,DOGE,Short,Exit Short (Green),-0.61%,-0.176%,37254.72,38342.3,-2.84%
2023-05-31 16:00:00,BNB,Short,Exit Short (Green),1.48%,0.426%,37413.46,38342.3,-2.42%
2023-05-31 20:00:00,ALGO,Short,Exit Short (Green),0.86%,0.248%,37506.09,38342.3,-2.18%
2023-06-01 20:00:00,BNB,Short,🛑 SL,-0.33%,-0.095%,37470.46,38342.3,-2.27%
2023-06-03 00:00:00,BNB,Short,🛑 SL,-0.32%,-0.092%,37435.94,38342.3,-2.36%
2023-06-05 04:00:00,DOGE,Short,Exit Short (Green),0.61%,0.176%,37501.68,38342.3,-2.19%
2023-06-05 04:00:00,ALGO,Short,Exit Short (Green),0.35%,0.101%,37539.47,38342.3,-2.09%
2023-06-05 08:00:00,BNB,Short,💰 TP,3.18%,0.916%,37883.16,38342.3,-1.20%
2023-06-05 12:00:00,ADA,Short,💰 TP,4.71%,1.356%,38396.85,38396.85,-0.00%
2023-06-05 16:00:00,SUI,Short,Exit Short (Green),0.36%,0.104%,38436.65,38436.65,-0.00%
2023-06-06 08:00:00,ADA,Short,🛑 SL,-0.51%,-0.147%,38380.21,38436.65,-0.15%
2023-06-07 04:00:00,ALGO,Short,🛑 SL,-0.78%,-0.225%,38294.03,38436.65,-0.37%
2023-06-07 04:00:00,BNB,Short,🛑 SL,-0.37%,-0.107%,38253.23,38436.65,-0.48%
2023-06-07 08:00:00,ADA,Short,💰 TP,5.14%,1.480%,38819.31,38819.31,-0.00%
2023-06-07 08:00:00,BNB,Short,💰 TP,3.66%,1.054%,39228.35,39228.35,-0.00%
2023-06-07 20:00:00,ALGO,Short,💰 TP,7.81%,2.248%,40110.4,40110.4,-0.00%
2023-06-08 20:00:00,ALGO,Short,🛑 SL,-0.86%,-0.248%,40011.09,40110.4,-0.25%
2023-06-09 04:00:00,ALGO,Short,🛑 SL,-0.86%,-0.248%,39912.03,40110.4,-0.49%
2023-06-09 08:00:00,ALGO,Short,🛑 SL,-0.86%,-0.248%,39813.21,40110.4,-0.74%
2023-06-09 08:00:00,ADA,Short,Exit Short (Green),0.47%,0.135%,39867.08,40110.4,-0.61%
2023-06-09 12:00:00,ALGO,Short,🛑 SL,-0.86%,-0.248%,39768.37,40110.4,-0.85%
2023-06-09 16:00:00,ALGO,Short,🛑 SL,-0.86%,-0.248%,39669.91,40110.4,-1.10%
2023-06-10 00:00:00,DOGE,Short,💰 TP,6.63%,1.909%,40427.12,40427.12,-0.00%
2023-06-10 00:00:00,BNB,Short,💰 TP,4.00%,1.152%,40892.67,40892.67,-0.00%
2023-06-10 00:00:00,ALGO,Short,💰 TP,8.66%,2.493%,41912.22,41912.22,-0.00%
2023-06-10 00:00:00,LTC,Short,💰 TP,5.70%,1.641%,42600.01,42600.01,-0.00%
2023-06-10 16:00:00,SUI,Short,Exit Short (Green),11.67%,3.360%,44031.28,44031.28,-0.00%
2023-06-12 00:00:00,BNB,Short,🛑 SL,-0.46%,-0.132%,43972.97,44031.28,-0.13%
2023-06-12 16:00:00,BNB,Short,🛑 SL,-0.46%,-0.132%,43914.73,44031.28,-0.26%
2023-06-14 16:00:00,ALGO,Short,🛑 SL,-0.92%,-0.265%,43798.42,44031.28,-0.53%
2023-06-14 16:00:00,LTC,Short,🛑 SL,-0.66%,-0.190%,43715.19,44031.28,-0.72%
2023-06-15 00:00:00,SUI,Short,Exit Short (Green),1.35%,0.389%,43885.1,44031.28,-0.33%
2023-06-15 04:00:00,DOGE,Short,Exit Short (Green),-0.25%,-0.072%,43853.51,44031.28,-0.40%
2023-06-15 08:00:00,ADA,Short,Exit Short (Green),3.92%,1.129%,44348.43,44348.43,-0.00%
2023-06-15 12:00:00,ALGO,Short,Exit Short (Green),1.29%,0.371%,44513.14,44513.14,-0.00%
2023-06-16 12:00:00,ALGO,Short,Exit Short (Green),-0.01%,-0.003%,44511.85,44513.14,-0.00%
2023-06-18 16:00:00,DOGE,Short,🛑 SL,-0.74%,-0.213%,44417.02,44513.14,-0.22%
2023-06-19 00:00:00,ALGO,Short,Exit Short (Green),1.34%,0.386%,44588.38,44588.38,-0.00%
2023-06-19 00:00:00,BNB,Short,🛑 SL,-0.44%,-0.127%,44531.9,44588.38,-0.13%
2023-06-19 08:00:00,ADA,Short,Exit Short (Green),1.20%,0.345%,44685.74,44685.74,-0.00%
2023-06-19 08:00:00,LTC,Short,🛑 SL,-0.64%,-0.184%,44603.41,44685.74,-0.18%
2023-06-19 08:00:00,BNB,Short,🛑 SL,-0.44%,-0.127%,44546.91,44685.74,-0.31%
2023-06-19 12:00:00,LTC,Short,🛑 SL,-0.64%,-0.184%,44464.83,44685.74,-0.49%
2023-06-19 20:00:00,BNB,Short,🛑 SL,-0.44%,-0.127%,44408.5,44685.74,-0.62%
2023-06-20 08:00:00,LTC,Short,🛑 SL,-0.63%,-0.181%,44327.95,44685.74,-0.80%
2023-06-20 12:00:00,ADA,Short,🛑 SL,-0.71%,-0.204%,44237.34,44685.74,-1.00%
2023-06-20 12:00:00,DOGE,Short,🛑 SL,-0.73%,-0.210%,44144.37,44685.74,-1.21%
2023-06-20 12:00:00,ALGO,Short,🛑 SL,-0.86%,-0.248%,44035.07,44685.74,-1.46%
2023-06-20 12:00:00,SUI,Short,Exit Short (Green),-1.98%,-0.570%,43784.05,44685.74,-2.02%
2023-06-24 12:00:00,ADA,Short,🛑 SL,-0.63%,-0.181%,43704.64,44685.74,-2.20%
2023-06-24 16:00:00,BNB,Short,Exit Short (Green),1.13%,0.325%,43846.82,44685.74,-1.88%
2023-06-25 20:00:00,BNB,Short,Exit Short (Green),0.21%,0.060%,43873.33,44685.74,-1.82%
2023-06-26 00:00:00,ALGO,Short,🛑 SL,-0.71%,-0.204%,43783.65,44685.74,-2.02%
2023-06-26 12:00:00,ALGO,Short,🛑 SL,-0.71%,-0.204%,43694.15,44685.74,-2.22%
2023-06-26 16:00:00,BNB,Short,🛑 SL,-0.44%,-0.127%,43638.8,44685.74,-2.34%
2023-06-26 20:00:00,DOGE,Short,🛑 SL,-0.66%,-0.190%,43555.88,44685.74,-2.53%
2023-06-27 00:00:00,ADA,Short,Exit Short (Green),1.15%,0.331%,43700.09,44685.74,-2.21%
2023-06-27 04:00:00,DOGE,Short,Exit Short (Green),-0.43%,-0.124%,43645.99,44685.74,-2.33%
2023-06-27 08:00:00,ALGO,Short,Exit Short (Green),-0.49%,-0.141%,43584.42,44685.74,-2.46%
2023-06-27 12:00:00,DOGE,Short,🛑 SL,-0.66%,-0.190%,43501.6,44685.74,-2.65%
2023-06-28 08:00:00,ALGO,Short,Exit Short (Green),4.68%,1.347%,44087.73,44685.74,-1.34%
2023-06-28 08:00:00,BNB,Short,Exit Short (Green),0.09%,0.026%,44099.15,44685.74,-1.31%
2023-06-28 12:00:00,ADA,Short,Exit Short (Green),0.91%,0.262%,44214.69,44685.74,-1.05%
2023-06-28 20:00:00,BNB,Short,Exit Short (Green),1.28%,0.369%,44377.63,44685.74,-0.69%
2023-06-28 20:00:00,DOGE,Short,Exit Short (Green),0.98%,0.282%,44502.83,44685.74,-0.41%
2023-06-30 08:00:00,ALGO,Short,🛑 SL,-0.76%,-0.219%,44405.46,44685.74,-0.63%
2023-07-05 16:00:00,SUI,Short,Exit Short (Green),-0.43%,-0.124%,44350.49,44685.74,-0.75%
2023-07-05 16:00:00,ADA,Short,Exit Short (Green),1.23%,0.354%,44507.54,44685.74,-0.40%
2023-07-05 16:00:00,ALGO,Short,Exit Short (Green),1.97%,0.567%,44759.97,44759.97,-0.00%
2023-07-06 08:00:00,BNB,Short,🛑 SL,-0.41%,-0.118%,44707.14,44759.97,-0.12%
2023-07-06 12:00:00,SUI,Short,🛑 SL,-0.82%,-0.236%,44601.59,44759.97,-0.35%
2023-07-06 12:00:00,ADA,Short,🛑 SL,-0.60%,-0.173%,44524.55,44759.97,-0.53%
2023-07-06 16:00:00,DOGE,Short,Exit Short (Green),-0.40%,-0.115%,44473.27,44759.97,-0.64%
2023-07-07 00:00:00,BNB,Short,Exit Short (Green),0.64%,0.184%,44555.22,44759.97,-0.46%
2023-07-07 00:00:00,ADA,Short,Exit Short (Green),-0.42%,-0.121%,44501.34,44759.97,-0.58%
2023-07-07 00:00:00,SUI,Short,Exit Short (Green),0.49%,0.141%,44564.12,44759.97,-0.44%
2023-07-07 00:00:00,ALGO,Short,Exit Short (Green),3.41%,0.982%,45001.62,45001.62,-0.00%
2023-07-07 08:00:00,SUI,Short,Exit Short (Green),-0.32%,-0.092%,44960.16,45001.62,-0.09%
2023-07-07 20:00:00,DOGE,Short,Exit Short (Green),0.27%,0.078%,44995.11,45001.62,-0.01%
2023-07-09 16:00:00,BNB,Short,Exit Short (Green),-0.26%,-0.075%,44961.43,45001.62,-0.09%
2023-07-10 00:00:00,ALGO,Short,🛑 SL,-0.71%,-0.204%,44869.53,45001.62,-0.29%
2023-07-10 08:00:00,SUI,Short,Exit Short (Green),-0.11%,-0.032%,44855.32,45001.62,-0.33%
2023-07-10 08:00:00,DOGE,Short,Exit Short (Green),0.06%,0.017%,44863.07,45001.62,-0.31%
2023-07-10 12:00:00,DOGE,Short,🛑 SL,-0.63%,-0.181%,44781.69,45001.62,-0.49%
2023-07-11 08:00:00,ALGO,Short,🛑 SL,-0.72%,-0.207%,44688.87,45001.62,-0.69%
2023-07-11 16:00:00,ALGO,Short,🛑 SL,-0.72%,-0.207%,44596.23,45001.62,-0.90%
2023-07-12 16:00:00,DOGE,Short,🛑 SL,-0.62%,-0.178%,44516.63,45001.62,-1.08%
2023-07-13 04:00:00,ALGO,Short,Exit Short (Green),0.63%,0.181%,44597.37,45001.62,-0.90%
2023-07-13 08:00:00,ALGO,Short,🛑 SL,-0.72%,-0.207%,44504.93,45001.62,-1.10%
2023-07-16 20:00:00,LTC,Short,🛑 SL,-0.54%,-0.155%,44435.74,45001.62,-1.26%
2023-07-17 00:00:00,BNB,Short,Exit Short (Green),-0.21%,-0.060%,44408.87,45001.62,-1.32%
2023-07-17 00:00:00,BTC,Long,Exit Signal,6.46%,1.938%,45269.52,45269.52,-0.00%
2023-07-17 12:00:00,LTC,Short,Exit Short (Green),1.58%,0.455%,45475.44,45475.44,-0.00%
2023-07-17 16:00:00,BNB,Short,🛑 SL,-0.41%,-0.118%,45421.76,45475.44,-0.12%
2023-07-18 08:00:00,BNB,Short,🛑 SL,-0.41%,-0.118%,45368.14,45475.44,-0.24%
2023-07-18 20:00:00,BNB,Short,🛑 SL,-0.41%,-0.118%,45314.59,45475.44,-0.35%
2023-07-22 16:00:00,LTC,Short,🛑 SL,-0.56%,-0.161%,45241.53,45475.44,-0.51%
2023-07-22 20:00:00,BNB,Short,🛑 SL,-0.41%,-0.118%,45188.13,45475.44,-0.63%
2023-07-24 00:00:00,BNB,Short,🛑 SL,-0.40%,-0.115%,45136.09,45475.44,-0.75%
2023-07-24 16:00:00,BNB,Short,Exit Short (Green),0.92%,0.265%,45255.64,45475.44,-0.48%
2023-07-24 16:00:00,LTC,Short,Exit Short (Green),2.51%,0.723%,45582.68,45582.68,-0.00%
2023-07-24 20:00:00,ALGO,Short,Exit Short (Green),3.88%,1.117%,46091.86,46091.86,-0.00%
2023-07-25 12:00:00,SUI,Short,🛑 SL,-0.69%,-0.199%,46000.3,46091.86,-0.20%
2023-07-25 20:00:00,SUI,Short,Exit Short (Green),-0.37%,-0.107%,45951.29,46091.86,-0.30%
2023-07-26 12:00:00,LTC,Short,🛑 SL,-0.56%,-0.161%,45877.21,46091.86,-0.47%
2023-07-30 08:00:00,SUI,Short,🛑 SL,-0.63%,-0.181%,45794.0,46091.86,-0.65%
2023-07-30 16:00:00,ALGO,Short,🛑 SL,-0.63%,-0.181%,45710.94,46091.86,-0.83%
2023-07-31 00:00:00,SUI,Short,Exit Short (Green),0.29%,0.083%,45749.1,46091.86,-0.74%
2023-08-01 00:00:00,BNB,Short,🛑 SL,-0.37%,-0.107%,45700.37,46091.86,-0.85%
2023-08-01 00:00:00,ADA,Short,🛑 SL,-0.55%,-0.158%,45628.01,46091.86,-1.01%
2023-08-01 00:00:00,SUI,Short,🛑 SL,-0.64%,-0.184%,45543.93,46091.86,-1.19%
2023-08-01 04:00:00,LTC,Short,Exit Short (Green),0.57%,0.164%,45618.67,46091.86,-1.03%
2023-08-01 04:00:00,ALGO,Short,Exit Short (Green),-0.42%,-0.121%,45563.51,46091.86,-1.15%
2023-08-01 08:00:00,ALGO,Short,🛑 SL,-0.63%,-0.181%,45480.87,46091.86,-1.33%
2023-08-01 12:00:00,SUI,Short,Exit Short (Green),-0.10%,-0.029%,45467.78,46091.86,-1.35%
2023-08-02 12:00:00,BNB,Short,🛑 SL,-0.38%,-0.109%,45418.03,46091.86,-1.46%
2023-08-02 12:00:00,SUI,Short,🛑 SL,-0.64%,-0.184%,45334.35,46091.86,-1.64%
2023-08-03 04:00:00,SUI,Short,🛑 SL,-0.63%,-0.181%,45252.12,46091.86,-1.82%
2023-08-03 08:00:00,LTC,Short,Exit Short (Green),1.99%,0.573%,45511.38,46091.86,-1.26%
2023-08-03 08:00:00,ADA,Short,Exit Short (Green),-0.09%,-0.026%,45499.59,46091.86,-1.28%
2023-08-03 20:00:00,SUI,Short,🛑 SL,-0.63%,-0.181%,45417.06,46091.86,-1.46%
2023-08-04 00:00:00,ADA,Short,Exit Short (Green),0.54%,0.155%,45487.67,46091.86,-1.31%
2023-08-04 20:00:00,ALGO,Short,Exit Short (Green),-0.21%,-0.060%,45460.17,46091.86,-1.37%
2023-08-06 12:00:00,SUI,Short,🛑 SL,-0.61%,-0.176%,45380.33,46091.86,-1.54%
2023-08-07 12:00:00,LTC,Short,🛑 SL,-0.60%,-0.173%,45301.94,46091.86,-1.71%
2023-08-07 12:00:00,BNB,Short,🛑 SL,-0.36%,-0.104%,45254.99,46091.86,-1.82%
2023-08-07 12:00:00,ADA,Short,🛑 SL,-0.52%,-0.150%,45187.24,46091.86,-1.96%
2023-08-07 16:00:00,LTC,Short,🛑 SL,-0.60%,-0.173%,45109.18,46091.86,-2.13%
2023-08-07 16:00:00,SUI,Short,Exit Short (Green),-0.34%,-0.098%,45065.03,46091.86,-2.23%
2023-08-07 20:00:00,ADA,Short,🛑 SL,-0.52%,-0.150%,44997.56,46091.86,-2.37%
2023-08-08 00:00:00,ADA,Short,🛑 SL,-0.52%,-0.150%,44930.2,46091.86,-2.52%
2023-08-10 20:00:00,BNB,Short,🛑 SL,-0.35%,-0.101%,44884.92,46091.86,-2.62%
2023-08-10 20:00:00,LTC,Short,Exit Short (Green),0.00%,0.000%,44884.92,46091.86,-2.62%
2023-08-11 08:00:00,LTC,Short,Exit Short (Green),-0.06%,-0.017%,44877.17,46091.86,-2.64%
2023-08-11 12:00:00,ALGO,Short,🛑 SL,-0.57%,-0.164%,44803.52,46091.86,-2.80%
2023-08-11 16:00:00,BNB,Short,Exit Short (Green),0.21%,0.060%,44830.61,46091.86,-2.74%
2023-08-12 20:00:00,ADA,Short,Exit Short (Green),0.05%,0.014%,44837.07,46091.86,-2.72%
2023-08-13 20:00:00,BNB,Short,🛑 SL,-0.35%,-0.101%,44791.89,46091.86,-2.82%
2023-08-14 00:00:00,ADA,Short,Exit Short (Green),0.65%,0.187%,44875.71,46091.86,-2.64%
2023-08-14 00:00:00,LTC,Short,Exit Short (Green),0.74%,0.213%,44971.31,46091.86,-2.43%
2023-08-14 04:00:00,SUI,Short,Exit Short (Green),0.73%,0.210%,45065.83,46091.86,-2.23%
2023-08-15 12:00:00,DOGE,Short,💰 TP,4.66%,1.342%,45670.44,46091.86,-0.91%
2023-08-15 12:00:00,BNB,Short,Exit Short (Green),0.25%,0.072%,45703.31,46091.86,-0.84%
2023-08-15 16:00:00,SUI,Short,🛑 SL,-0.56%,-0.161%,45629.62,46091.86,-1.00%
2023-08-15 20:00:00,ALGO,Short,Exit Short (Green),2.51%,0.723%,45959.36,46091.86,-0.29%
2023-08-15 20:00:00,ADA,Short,Exit Short (Green),1.75%,0.504%,46190.91,46190.91,-0.00%
2023-08-16 16:00:00,LTC,Short,💰 TP,5.80%,1.670%,46962.22,46962.22,-0.00%
2023-08-16 16:00:00,ADA,Short,Exit Short (Green),0.27%,0.078%,46998.72,46998.72,-0.00%
2023-08-17 00:00:00,DOGE,Short,Exit Short (Green),0.15%,0.043%,47019.02,47019.02,-0.00%
2023-08-17 08:00:00,ADA,Short,🛑 SL,-0.52%,-0.150%,46948.63,47019.02,-0.15%
2023-08-17 12:00:00,ALGO,Short,🛑 SL,-0.63%,-0.181%,46863.47,47019.02,-0.33%
2023-08-17 16:00:00,ADA,Short,💰 TP,5.37%,1.546%,47587.99,47587.99,-0.00%
2023-08-17 16:00:00,LTC,Short,💰 TP,6.46%,1.860%,48473.05,48473.05,-0.00%
2023-08-17 16:00:00,ALGO,Short,💰 TP,6.26%,1.802%,49346.66,49346.66,-0.00%
2023-08-18 16:00:00,ADA,Short,Exit Short (Green),0.73%,0.210%,49450.37,49450.37,-0.00%
2023-08-21 04:00:00,ADA,Short,🛑 SL,-0.54%,-0.155%,49373.49,49450.37,-0.16%
2023-08-21 16:00:00,DOGE,Short,Exit Short (Green),0.68%,0.196%,49470.15,49470.15,-0.00%
2023-08-21 16:00:00,ADA,Short,Exit Short (Green),0.17%,0.049%,49494.36,49494.36,-0.00%
2023-08-21 16:00:00,BNB,Short,Exit Short (Green),1.36%,0.392%,49688.15,49688.15,-0.00%
2023-08-22 08:00:00,ADA,Short,🛑 SL,-0.56%,-0.161%,49608.04,49688.15,-0.16%
2023-08-22 12:00:00,BNB,Short,🛑 SL,-0.40%,-0.115%,49550.92,49688.15,-0.28%
2023-08-22 16:00:00,BNB,Short,🛑 SL,-0.40%,-0.115%,49493.85,49688.15,-0.39%
2023-08-22 16:00:00,LTC,Short,🛑 SL,-0.76%,-0.219%,49385.56,49688.15,-0.61%
2023-08-22 16:00:00,SUI,Short,🛑 SL,-0.63%,-0.181%,49295.98,49688.15,-0.79%
2023-08-22 16:00:00,ALGO,Short,🛑 SL,-0.67%,-0.193%,49200.9,49688.15,-0.98%
2023-08-22 16:00:00,DOGE,Short,🛑 SL,-0.60%,-0.173%,49115.91,49688.15,-1.15%
2023-08-23 08:00:00,LTC,Short,🛑 SL,-0.76%,-0.219%,49008.44,49688.15,-1.37%
2023-08-23 08:00:00,ADA,Short,🛑 SL,-0.56%,-0.161%,48929.43,49688.15,-1.53%
2023-08-25 16:00:00,SUI,Short,🛑 SL,-0.66%,-0.190%,48836.45,49688.15,-1.71%
2023-08-26 20:00:00,ALGO,Short,Exit Short (Green),-0.04%,-0.012%,48830.83,49688.15,-1.73%
2023-08-28 04:00:00,BNB,Short,🛑 SL,-0.38%,-0.109%,48777.41,49688.15,-1.83%
2023-08-28 04:00:00,ADA,Short,🛑 SL,-0.55%,-0.158%,48700.17,49688.15,-1.99%
2023-08-28 08:00:00,LTC,Short,Exit Short (Green),0.40%,0.115%,48756.25,49688.15,-1.88%
2023-08-28 08:00:00,DOGE,Short,Exit Short (Green),0.26%,0.075%,48792.75,49688.15,-1.80%
2023-08-28 08:00:00,SUI,Short,🛑 SL,-0.65%,-0.187%,48701.44,49688.15,-1.99%
2023-08-28 16:00:00,LTC,Short,🛑 SL,-0.72%,-0.207%,48600.49,49688.15,-2.19%
2023-08-31 08:00:00,ALGO,Short,Exit Short (Green),-0.32%,-0.092%,48555.71,49688.15,-2.28%
2023-08-31 20:00:00,ADA,Short,Exit Short (Green),2.17%,0.625%,48859.06,49688.15,-1.67%
2023-09-01 00:00:00,SUI,Short,Exit Short (Green),0.95%,0.274%,48992.69,49688.15,-1.40%
2023-09-01 00:00:00,DOGE,Short,Exit Short (Green),0.59%,0.170%,49075.91,49688.15,-1.23%
2023-09-01 00:00:00,LTC,Short,Exit Short (Green),3.68%,1.059%,49595.86,49688.15,-0.19%
2023-09-01 00:00:00,BNB,Short,Exit Short (Green),2.21%,0.636%,49911.42,49911.42,-0.00%
2023-09-01 12:00:00,DOGE,Short,🛑 SL,-0.57%,-0.164%,49829.51,49911.42,-0.16%
2023-09-01 16:00:00,ALGO,Short,🛑 SL,-0.67%,-0.193%,49733.39,49911.42,-0.36%
2023-09-01 20:00:00,SUI,Short,Exit Short (Green),1.87%,0.538%,50001.14,50001.14,-0.00%
2023-09-03 12:00:00,ADA,Short,🛑 SL,-0.56%,-0.161%,49920.53,50001.14,-0.16%
2023-09-03 20:00:00,ADA,Short,🛑 SL,-0.56%,-0.161%,49840.05,50001.14,-0.32%
2023-09-04 08:00:00,BNB,Short,🛑 SL,-0.39%,-0.112%,49784.09,50001.14,-0.43%
2023-09-04 12:00:00,DOGE,Short,🛑 SL,-0.57%,-0.164%,49702.39,50001.14,-0.60%
2023-09-04 12:00:00,LTC,Short,🛑 SL,-0.74%,-0.213%,49596.5,50001.14,-0.81%
2023-09-04 16:00:00,ALGO,Short,Exit Short (Green),-0.09%,-0.026%,49583.65,50001.14,-0.83%
2023-09-04 16:00:00,DOGE,Short,🛑 SL,-0.57%,-0.164%,49502.28,50001.14,-1.00%
2023-09-04 20:00:00,LTC,Short,Exit Short (Green),-0.28%,-0.081%,49462.38,50001.14,-1.08%
2023-09-05 08:00:00,ALGO,Short,Exit Short (Green),-0.35%,-0.101%,49412.54,50001.14,-1.18%
2023-09-06 12:00:00,BNB,Short,🛑 SL,-0.38%,-0.109%,49358.48,50001.14,-1.29%
2023-09-06 12:00:00,SUI,Short,🛑 SL,-0.67%,-0.193%,49263.27,50001.14,-1.48%
2023-09-06 12:00:00,ADA,Short,🛑 SL,-0.55%,-0.158%,49185.26,50001.14,-1.63%
2023-09-06 12:00:00,ALGO,Short,🛑 SL,-0.65%,-0.187%,49093.22,50001.14,-1.82%
2023-09-06 20:00:00,LTC,Short,Exit Short (Green),-0.48%,-0.138%,49025.38,50001.14,-1.95%
2023-09-07 12:00:00,ADA,Short,Exit Short (Green),-0.16%,-0.046%,49002.79,50001.14,-2.00%
2023-09-08 08:00:00,LTC,Short,🛑 SL,-0.75%,-0.216%,48896.98,50001.14,-2.21%
2023-09-08 08:00:00,BNB,Short,🛑 SL,-0.39%,-0.112%,48842.08,50001.14,-2.32%
2023-09-08 12:00:00,DOGE,Short,Exit Short (Green),-0.19%,-0.055%,48815.36,50001.14,-2.37%
2023-09-08 12:00:00,BNB,Short,🛑 SL,-0.39%,-0.112%,48760.55,50001.14,-2.48%
2023-09-08 16:00:00,ADA,Short,🛑 SL,-0.55%,-0.158%,48683.34,50001.14,-2.64%
2023-09-08 20:00:00,LTC,Short,Exit Short (Green),-0.19%,-0.055%,48656.71,50001.14,-2.69%
2023-09-10 08:00:00,ADA,Short,Exit Short (Green),0.96%,0.276%,48791.19,50001.14,-2.42%
2023-09-10 12:00:00,SUI,Short,💰 TP,6.42%,1.848%,49693.01,50001.14,-0.62%
2023-09-10 12:00:00,BNB,Short,Exit Short (Green),0.23%,0.066%,49725.92,50001.14,-0.55%
2023-09-10 16:00:00,ALGO,Short,Exit Short (Green),3.80%,1.094%,50269.93,50269.93,-0.00%
2023-09-10 20:00:00,DOGE,Short,Exit Short (Green),1.72%,0.495%,50518.86,50518.86,-0.00%
2023-09-10 20:00:00,LTC,Short,Exit Short (Green),0.63%,0.181%,50610.49,50610.49,-0.00%
2023-09-11 16:00:00,DOGE,Short,🛑 SL,-0.61%,-0.176%,50521.61,50610.49,-0.18%
2023-09-11 20:00:00,ALGO,Short,Exit Short (Green),1.21%,0.348%,50697.6,50697.6,-0.00%
2023-09-11 20:00:00,LTC,Short,Exit Short (Green),1.95%,0.561%,50982.22,50982.22,-0.00%
2023-09-12 04:00:00,ALGO,Short,🛑 SL,-0.67%,-0.193%,50883.88,50982.22,-0.19%
2023-09-12 04:00:00,LTC,Short,🛑 SL,-0.77%,-0.222%,50771.08,50982.22,-0.41%
2023-09-15 16:00:00,ADA,Short,🛑 SL,-0.54%,-0.155%,50692.15,50982.22,-0.57%
2023-09-16 20:00:00,DOGE,Short,🛑 SL,-0.57%,-0.164%,50608.96,50982.22,-0.73%
2023-09-17 16:00:00,DOGE,Short,🛑 SL,-0.57%,-0.164%,50525.91,50982.22,-0.90%
2023-09-17 16:00:00,ADA,Short,🛑 SL,-0.53%,-0.153%,50448.81,50982.22,-1.05%
2023-09-17 16:00:00,SUI,Short,🛑 SL,-0.71%,-0.204%,50345.69,50982.22,-1.25%
2023-09-17 20:00:00,ADA,Short,🛑 SL,-0.52%,-0.150%,50270.32,50982.22,-1.40%
2023-09-17 20:00:00,DOGE,Short,🛑 SL,-0.57%,-0.164%,50187.82,50982.22,-1.56%
2023-09-20 04:00:00,BNB,Short,🛑 SL,-0.34%,-0.098%,50138.7,50982.22,-1.65%
2023-09-20 12:00:00,BNB,Short,🛑 SL,-0.34%,-0.098%,50089.62,50982.22,-1.75%
2023-09-20 12:00:00,ALGO,Short,Exit Short (Green),0.48%,0.138%,50158.84,50982.22,-1.62%
2023-09-21 12:00:00,SUI,Short,Exit Short (Green),1.20%,0.345%,50332.13,50982.22,-1.28%
2023-09-21 20:00:00,ADA,Short,🛑 SL,-0.49%,-0.141%,50261.12,50982.22,-1.41%
2023-09-21 20:00:00,DOGE,Short,🛑 SL,-0.54%,-0.155%,50182.98,50982.22,-1.57%
2023-09-22 04:00:00,SUI,Short,Exit Short (Green),-0.44%,-0.127%,50119.41,50982.22,-1.69%
2023-09-22 20:00:00,ADA,Short,Exit Short (Green),-0.10%,-0.029%,50104.99,50982.22,-1.72%
2023-09-23 04:00:00,ADA,Short,Exit Short (Green),-0.22%,-0.063%,50073.25,50982.22,-1.78%
2023-09-24 20:00:00,ADA,Short,🛑 SL,-0.48%,-0.138%,50004.05,50982.22,-1.92%
2023-09-24 20:00:00,SUI,Short,🛑 SL,-0.66%,-0.190%,49909.04,50982.22,-2.11%
2023-09-25 00:00:00,SUI,Short,🛑 SL,-0.65%,-0.187%,49815.64,50982.22,-2.29%
2023-09-25 00:00:00,DOGE,Short,Exit Short (Green),0.67%,0.193%,49911.73,50982.22,-2.10%
2023-09-25 00:00:00,LTC,Short,Exit Short (Green),-0.28%,-0.081%,49871.5,50982.22,-2.18%
2023-09-25 00:00:00,BNB,Short,Exit Short (Green),0.19%,0.055%,49898.78,50982.22,-2.13%
2023-09-25 08:00:00,LTC,Short,🛑 SL,-0.67%,-0.193%,49802.53,50982.22,-2.31%
2023-09-25 12:00:00,BNB,Short,Exit Short (Green),0.05%,0.014%,49809.69,50982.22,-2.30%
2023-09-25 12:00:00,SUI,Short,Exit Short (Green),-0.25%,-0.072%,49773.84,50982.22,-2.37%
2023-09-26 16:00:00,DOGE,Short,🛑 SL,-0.53%,-0.153%,49697.9,50982.22,-2.52%
2023-09-27 00:00:00,ALGO,Short,Exit Short (Green),0.99%,0.285%,49839.55,50982.22,-2.24%
2023-09-27 12:00:00,BNB,Short,🛑 SL,-0.31%,-0.089%,49795.06,50982.22,-2.33%
2023-10-01 16:00:00,BNB,Short,🛑 SL,-0.29%,-0.083%,49753.49,50982.22,-2.41%
2023-10-02 12:00:00,DOGE,Short,🛑 SL,-0.50%,-0.144%,49681.87,50982.22,-2.55%
2023-10-02 16:00:00,BNB,Short,🛑 SL,-0.30%,-0.086%,49638.96,50982.22,-2.63%
2023-10-02 16:00:00,DOGE,Short,🛑 SL,-0.50%,-0.144%,49567.5,50982.22,-2.77%
2023-10-03 04:00:00,DOGE,Short,🛑 SL,-0.50%,-0.144%,49496.15,50982.22,-2.91%
2023-10-03 12:00:00,BNB,Short,🛑 SL,-0.29%,-0.083%,49454.83,50982.22,-3.00%
2023-10-04 04:00:00,BNB,Short,Exit Short (Green),0.38%,0.109%,49508.93,50982.22,-2.89%
2023-10-04 04:00:00,LTC,Short,Exit Short (Green),1.01%,0.291%,49652.89,50982.22,-2.61%
2023-10-04 04:00:00,DOGE,Short,Exit Short (Green),-0.25%,-0.072%,49617.15,50982.22,-2.68%
2023-10-04 12:00:00,DOGE,Short,🛑 SL,-0.51%,-0.147%,49544.3,50982.22,-2.82%
2023-10-05 12:00:00,BNB,Short,🛑 SL,-0.29%,-0.083%,49502.94,50982.22,-2.90%
2023-10-05 20:00:00,SUI,Short,🛑 SL,-0.59%,-0.170%,49418.85,50982.22,-3.07%
2023-10-05 20:00:00,BNB,Short,🛑 SL,-0.29%,-0.083%,49377.59,50982.22,-3.15%
2023-10-06 08:00:00,BNB,Short,🛑 SL,-0.29%,-0.083%,49336.37,50982.22,-3.23%
2023-10-08 08:00:00,DOGE,Short,🛑 SL,-0.49%,-0.141%,49266.77,50982.22,-3.36%
2023-10-08 08:00:00,BNB,Short,🛑 SL,-0.28%,-0.081%,49227.05,50982.22,-3.44%
2023-10-08 12:00:00,SUI,Short,Exit Short (Green),0.47%,0.135%,49293.66,50982.22,-3.31%
2023-10-09 04:00:00,DOGE,Short,💰 TP,4.81%,1.385%,49976.28,50982.22,-1.97%
2023-10-09 12:00:00,SUI,Short,💰 TP,5.71%,1.644%,50797.84,50982.22,-0.36%
2023-10-09 12:00:00,ALGO,Short,Exit Short (Green),0.70%,0.202%,50900.22,50982.22,-0.16%
2023-10-09 12:00:00,BNB,Short,💰 TP,2.78%,0.800%,51307.6,51307.6,-0.00%
2023-10-09 16:00:00,LTC,Short,Exit Short (Green),2.93%,0.844%,51740.41,51740.41,-0.00%
2023-10-10 16:00:00,ALGO,Short,Exit Short (Green),-0.36%,-0.104%,51686.78,51740.41,-0.10%
2023-10-10 16:00:00,ADA,Short,Exit Short (Green),0.11%,0.032%,51703.15,51740.41,-0.07%
2023-10-11 00:00:00,BTC,Long,Stop Loss,-4.56%,-1.368%,50995.85,51740.41,-1.44%
2023-10-11 04:00:00,ALGO,Short,Exit Short (Green),1.21%,0.348%,51173.5,51740.41,-1.10%
2023-10-11 08:00:00,ADA,Short,Exit Short (Green),0.50%,0.144%,51247.16,51740.41,-0.95%
2023-10-11 20:00:00,LTC,Short,Exit Short (Green),-0.07%,-0.020%,51236.84,51740.41,-0.97%
2023-10-12 04:00:00,ALGO,Short,🛑 SL,-0.49%,-0.141%,51164.56,51740.41,-1.11%
2023-10-12 04:00:00,BNB,Short,🛑 SL,-0.28%,-0.081%,51123.31,51740.41,-1.19%
2023-10-12 08:00:00,ADA,Short,🛑 SL,-0.43%,-0.124%,51060.02,51740.41,-1.31%
2023-10-12 12:00:00,SUI,Short,🛑 SL,-0.61%,-0.176%,50970.35,51740.41,-1.49%
2023-10-12 12:00:00,BNB,Short,🛑 SL,-0.28%,-0.081%,50929.26,51740.41,-1.57%
2023-10-15 12:00:00,SUI,Short,🛑 SL,-0.59%,-0.170%,50842.75,51740.41,-1.73%
2023-10-16 16:00:00,ALGO,Short,🛑 SL,-0.46%,-0.132%,50775.42,51740.41,-1.87%
2023-10-17 04:00:00,ALGO,Short,Exit Short (Green),0.52%,0.150%,50851.44,51740.41,-1.72%
2023-10-17 08:00:00,ADA,Short,🛑 SL,-0.42%,-0.121%,50789.95,51740.41,-1.84%
2023-10-17 12:00:00,LTC,Short,🛑 SL,-0.52%,-0.150%,50713.91,51740.41,-1.98%
2023-10-17 20:00:00,DOGE,Short,Exit Short (Green),0.10%,0.029%,50728.51,51740.41,-1.96%
2023-10-18 00:00:00,ADA,Short,🛑 SL,-0.41%,-0.118%,50668.63,51740.41,-2.07%
2023-10-18 00:00:00,SUI,Short,Exit Short (Green),1.29%,0.371%,50856.81,51740.41,-1.71%
2023-10-19 00:00:00,BNB,Short,🛑 SL,-0.27%,-0.078%,50817.28,51740.41,-1.78%
2023-10-19 00:00:00,LTC,Short,Exit Short (Green),1.53%,0.440%,51041.12,51740.41,-1.35%
2023-10-19 04:00:00,ADA,Short,Exit Short (Green),1.26%,0.363%,51226.27,51740.41,-0.99%
2023-10-19 04:00:00,DOGE,Short,Exit Short (Green),-0.15%,-0.043%,51204.15,51740.41,-1.04%
2023-10-19 12:00:00,ADA,Short,🛑 SL,-0.43%,-0.124%,51140.76,51740.41,-1.16%
2023-10-19 16:00:00,LTC,Short,🛑 SL,-0.52%,-0.150%,51064.2,51740.41,-1.31%
2023-10-19 20:00:00,SUI,Short,🛑 SL,-0.60%,-0.173%,50975.99,51740.41,-1.48%
2023-11-17 11:00:00,LTC,Short,🛑 SL,-0.44%,-0.127%,50911.42,51740.41,-1.60%
2023-11-17 23:00:00,LTC,Short,🛑 SL,-0.44%,-0.127%,50846.93,51740.41,-1.73%
2023-11-21 07:00:00,LTC,Short,🛑 SL,-0.45%,-0.130%,50781.05,51740.41,-1.85%
2023-11-21 11:00:00,SUI,Short,🛑 SL,-0.54%,-0.155%,50702.1,51740.41,-2.01%
2023-11-21 15:00:00,LTC,Short,🛑 SL,-0.45%,-0.130%,50636.42,51740.41,-2.13%
2023-11-21 19:00:00,SUI,Short,🛑 SL,-0.54%,-0.155%,50557.69,51740.41,-2.29%
2023-11-26 15:00:00,BNB,Short,Exit Short (Green),0.09%,0.026%,50570.79,51740.41,-2.26%
2023-11-26 23:00:00,SUI,Short,🛑 SL,-0.53%,-0.153%,50493.63,51740.41,-2.41%
2023-11-27 07:00:00,BNB,Short,💰 TP,3.11%,0.895%,50945.73,51740.41,-1.54%
2023-11-27 15:00:00,SUI,Short,Exit Short (Green),0.61%,0.176%,51035.2,51740.41,-1.36%
2023-11-28 03:00:00,SUI,Short,🛑 SL,-0.53%,-0.153%,50957.33,51740.41,-1.51%
2023-11-28 07:00:00,SUI,Short,🛑 SL,-0.53%,-0.153%,50879.58,51740.41,-1.66%
2023-11-30 11:00:00,BNB,Short,🛑 SL,-0.32%,-0.092%,50832.7,51740.41,-1.75%
2023-12-02 03:00:00,BNB,Short,🛑 SL,-0.32%,-0.092%,50785.87,51740.41,-1.84%
2023-12-04 03:00:00,BNB,Short,🛑 SL,-0.32%,-0.092%,50739.08,51740.41,-1.94%
2023-12-07 03:00:00,BNB,Short,🛑 SL,-0.32%,-0.092%,50692.34,51740.41,-2.03%
2023-12-10 19:00:00,BNB,Short,🛑 SL,-0.32%,-0.092%,50645.64,51740.41,-2.12%
2023-12-12 19:00:00,LTC,Short,🛑 SL,-0.41%,-0.118%,50585.86,51740.41,-2.23%
2023-12-12 23:00:00,LTC,Short,🛑 SL,-0.41%,-0.118%,50526.14,51740.41,-2.35%
2023-12-15 19:00:00,LTC,Short,🛑 SL,-0.42%,-0.121%,50465.05,51740.41,-2.46%
2023-12-17 23:00:00,LTC,Short,🛑 SL,-0.43%,-0.124%,50402.58,51740.41,-2.59%
2023-12-18 11:00:00,SUI,Short,Exit Short (Green),1.61%,0.464%,50636.2,51740.41,-2.13%
2023-12-20 23:00:00,LTC,Short,🛑 SL,-0.43%,-0.124%,50573.51,51740.41,-2.26%
2023-12-21 03:00:00,LTC,Short,🛑 SL,-0.43%,-0.124%,50510.91,51740.41,-2.38%
2023-12-21 07:00:00,LTC,Short,🛑 SL,-0.43%,-0.124%,50448.38,51740.41,-2.50%
2023-12-24 19:00:00,LTC,Short,🛑 SL,-0.42%,-0.121%,50387.37,51740.41,-2.62%
2023-12-29 00:00:00,BTC,Long,Exit Signal,47.28%,14.184%,57534.32,57534.32,-0.00%
2023-12-31 15:00:00,DOGE,Short,🛑 SL,-0.47%,-0.135%,57456.47,57534.32,-0.14%
2024-01-03 00:00:00,BTC,Long,Exit Signal,-4.72%,-1.416%,56642.88,57534.32,-1.55%
2024-01-03 07:00:00,DOGE,Short,💰 TP,4.84%,1.393%,57432.17,57534.32,-0.18%
2024-01-03 07:00:00,LTC,Short,💰 TP,4.17%,1.201%,58121.66,58121.66,-0.00%
2024-01-05 23:00:00,LTC,Short,🛑 SL,-0.50%,-0.144%,58038.0,58121.66,-0.14%
2024-01-06 07:00:00,DOGE,Short,Exit Short (Green),-0.22%,-0.063%,58001.24,58121.66,-0.21%
2024-01-06 19:00:00,DOGE,Short,🛑 SL,-0.56%,-0.161%,57907.73,58121.66,-0.37%
2024-01-07 19:00:00,ADA,Short,💰 TP,5.59%,1.609%,58839.67,58839.67,-0.00%
2024-01-07 19:00:00,DOGE,Short,🛑 SL,-0.57%,-0.164%,58743.11,58839.67,-0.16%
2024-01-07 19:00:00,ALGO,Short,💰 TP,6.34%,1.825%,59815.34,59815.34,-0.00%
2024-01-07 23:00:00,LTC,Short,🛑 SL,-0.51%,-0.147%,59727.52,59815.34,-0.15%
2024-01-08 11:00:00,ADA,Short,🛑 SL,-0.57%,-0.164%,59629.5,59815.34,-0.31%
2024-01-10 07:00:00,DOGE,Short,🛑 SL,-0.62%,-0.178%,59523.06,59815.34,-0.49%
2024-01-12 00:00:00,BTC,Long,Stop Loss,-8.24%,-2.472%,58051.65,59815.34,-2.95%
2024-01-14 19:00:00,LTC,Short,🛑 SL,-0.48%,-0.138%,57971.43,59815.34,-3.08%
2024-01-14 19:00:00,ADA,Short,🛑 SL,-0.60%,-0.173%,57871.29,59815.34,-3.25%
2024-01-15 11:00:00,ADA,Short,🛑 SL,-0.61%,-0.176%,57769.66,59815.34,-3.42%
2024-01-15 11:00:00,LTC,Short,🛑 SL,-0.48%,-0.138%,57689.83,59815.34,-3.55%
2024-01-15 19:00:00,ADA,Short,🛑 SL,-0.61%,-0.176%,57588.51,59815.34,-3.72%
2024-01-16 07:00:00,ADA,Short,🛑 SL,-0.61%,-0.176%,57487.37,59815.34,-3.89%
2024-01-17 11:00:00,DOGE,Short,🛑 SL,-0.63%,-0.181%,57383.11,59815.34,-4.07%
2024-01-17 11:00:00,ADA,Short,🛑 SL,-0.62%,-0.178%,57280.68,59815.34,-4.24%
2024-01-17 11:00:00,LTC,Short,🛑 SL,-0.50%,-0.144%,57198.22,59815.34,-4.38%
2024-01-17 15:00:00,DOGE,Short,🛑 SL,-0.63%,-0.181%,57094.48,59815.34,-4.55%
2024-01-17 23:00:00,ADA,Short,🛑 SL,-0.62%,-0.178%,56992.57,59815.34,-4.72%
2024-01-18 03:00:00,BONK,Short,Exit Short (Green),2.38%,0.685%,57383.08,59815.34,-4.07%
2024-01-18 07:00:00,ALGO,Short,🛑 SL,-0.69%,-0.199%,57269.09,59815.34,-4.26%
2024-01-18 07:00:00,LTC,Short,🛑 SL,-0.50%,-0.144%,57186.65,59815.34,-4.39%
2024-01-18 11:00:00,ADA,Short,Exit Short (Green),0.32%,0.092%,57239.33,59815.34,-4.31%
2024-01-18 19:00:00,LTC,Short,Exit Short (Green),0.35%,0.101%,57297.01,59815.34,-4.21%
2024-01-18 19:00:00,ALGO,Short,Exit Short (Green),3.55%,1.022%,57882.61,59815.34,-3.23%
2024-01-18 19:00:00,DOGE,Short,Exit Short (Green),2.23%,0.642%,58254.23,59815.34,-2.61%
2024-01-19 03:00:00,LTC,Short,🛑 SL,-0.50%,-0.144%,58170.37,59815.34,-2.75%
2024-01-22 23:00:00,BONK,Short,Exit Short (Green),1.65%,0.475%,58446.7,59815.34,-2.29%
2024-01-22 23:00:00,ALGO,Short,Exit Short (Green),1.84%,0.530%,58756.31,59815.34,-1.77%
2024-01-23 11:00:00,LTC,Short,Exit Short (Green),1.89%,0.544%,59076.03,59815.34,-1.24%
2024-01-23 11:00:00,ADA,Short,Exit Short (Green),0.80%,0.230%,59212.09,59815.34,-1.01%
2024-01-24 03:00:00,ADA,Short,Exit Short (Green),0.28%,0.081%,59259.82,59815.34,-0.93%
2024-01-24 11:00:00,BNB,Short,🛑 SL,-0.40%,-0.115%,59191.58,59815.34,-1.04%
2024-01-24 23:00:00,BNB,Short,🛑 SL,-0.40%,-0.115%,59123.41,59815.34,-1.16%
2024-01-25 03:00:00,BNB,Short,🛑 SL,-0.40%,-0.115%,59055.33,59815.34,-1.27%
2024-01-25 11:00:00,BNB,Short,🛑 SL,-0.40%,-0.115%,58987.32,59815.34,-1.38%
2024-01-28 19:00:00,ALGO,Short,Exit Short (Green),-0.10%,-0.029%,58970.34,59815.34,-1.41%
2024-01-29 07:00:00,ALGO,Short,🛑 SL,-0.83%,-0.239%,58829.42,59815.34,-1.65%
2024-01-29 11:00:00,LTC,Short,🛑 SL,-0.52%,-0.150%,58741.35,59815.34,-1.80%
2024-01-30 19:00:00,ALGO,Short,🛑 SL,-0.84%,-0.242%,58599.29,59815.34,-2.03%
2024-01-31 03:00:00,BONK,Short,Exit Short (Green),1.58%,0.455%,58865.85,59815.34,-1.59%
2024-01-31 11:00:00,ALGO,Short,Exit Short (Green),0.30%,0.086%,58916.69,59815.34,-1.50%
2024-01-31 15:00:00,DOGE,Short,🛑 SL,-0.68%,-0.196%,58801.35,59815.34,-1.70%
2024-01-31 23:00:00,DOGE,Short,🛑 SL,-0.68%,-0.196%,58686.23,59815.34,-1.89%
2024-02-01 11:00:00,LTC,Short,Exit Short (Green),0.22%,0.063%,58723.4,59815.34,-1.83%
2024-02-01 11:00:00,ALGO,Short,Exit Short (Green),2.51%,0.723%,59147.76,59815.34,-1.12%
2024-02-03 11:00:00,DOGE,Short,Exit Short (Green),-0.64%,-0.184%,59038.77,59815.34,-1.30%
2024-02-03 23:00:00,DOGE,Short,Exit Short (Green),-0.53%,-0.153%,58948.69,59815.34,-1.45%
2024-02-03 23:00:00,BONK,Short,Exit Short (Green),-2.06%,-0.593%,58599.08,59815.34,-2.03%
2024-02-04 03:00:00,DOGE,Short,🛑 SL,-0.65%,-0.187%,58489.42,59815.34,-2.22%
2024-02-04 23:00:00,DOGE,Short,🛑 SL,-0.65%,-0.187%,58379.96,59815.34,-2.40%
2024-02-05 03:00:00,BONK,Short,Exit Short (Green),0.39%,0.112%,58445.51,59815.34,-2.29%
2024-02-05 11:00:00,BONK,Short,Exit Short (Green),-0.59%,-0.170%,58346.24,59815.34,-2.46%
2024-02-05 15:00:00,ADA,Short,🛑 SL,-0.72%,-0.207%,58225.29,59815.34,-2.66%
2024-02-07 11:00:00,ADA,Short,Exit Short (Green),0.99%,0.285%,58391.25,59815.34,-2.38%
2024-02-12 07:00:00,DOGE,Short,🛑 SL,-0.62%,-0.178%,58287.02,59815.34,-2.56%
2024-02-17 07:00:00,LTC,Short,🛑 SL,-0.48%,-0.138%,58206.47,59815.34,-2.69%
2024-02-20 11:00:00,LTC,Short,🛑 SL,-0.48%,-0.138%,58126.04,59815.34,-2.82%
2024-02-20 15:00:00,BONK,Short,Exit Short (Green),0.48%,0.138%,58206.36,59815.34,-2.69%
2024-02-21 03:00:00,LTC,Short,🛑 SL,-0.47%,-0.135%,58127.6,59815.34,-2.82%
2024-02-21 07:00:00,LTC,Short,🛑 SL,-0.47%,-0.135%,58048.95,59815.34,-2.95%
2024-02-21 11:00:00,LTC,Short,🛑 SL,-0.47%,-0.135%,57970.4,59815.34,-3.08%
2024-02-23 07:00:00,SUI,Short,Exit Short (Green),0.43%,0.124%,58042.16,59815.34,-2.96%
2024-02-23 15:00:00,BONK,Short,Exit Short (Green),-3.85%,-1.108%,57398.82,59815.34,-4.04%
2024-02-23 19:00:00,SUI,Short,Exit Short (Green),-0.48%,-0.138%,57319.5,59815.34,-4.17%
2024-02-24 03:00:00,BONK,Short,Exit Short (Green),-3.67%,-1.057%,56713.86,59815.34,-5.19%
2024-03-05 11:00:00,SUI,Short,🛑 SL,-0.73%,-0.210%,56594.67,59815.34,-5.38%
2024-03-14 20:00:00,SUI,Short,🛑 SL,-0.80%,-0.230%,56464.32,59815.34,-5.60%
2024-03-15 00:00:00,SUI,Short,🛑 SL,-0.80%,-0.230%,56334.27,59815.34,-5.82%
2024-03-15 12:00:00,SUI,Short,Exit Short (Green),1.38%,0.397%,56558.09,59815.34,-5.45%
2024-03-16 20:00:00,SUI,Short,Exit Short (Green),1.97%,0.567%,56878.86,59815.34,-4.91%
2024-03-17 00:00:00,BTC,Long,Exit Signal,54.42%,16.326%,66164.91,66164.91,-0.00%
2024-03-17 04:00:00,ADA,Short,🛑 SL,-0.70%,-0.202%,66031.57,66164.91,-0.20%
2024-03-18 16:00:00,SUI,Short,🛑 SL,-0.98%,-0.282%,65845.26,66164.91,-0.48%
2024-03-18 20:00:00,ADA,Short,🛑 SL,-0.73%,-0.210%,65706.88,66164.91,-0.69%
2024-03-19 04:00:00,SUI,Short,💰 TP,9.76%,2.810%,67553.18,67553.18,-0.00%
2024-03-19 08:00:00,LTC,Short,🛑 SL,-0.53%,-0.153%,67450.1,67553.18,-0.15%
2024-03-19 12:00:00,LTC,Short,🛑 SL,-0.55%,-0.158%,67343.3,67553.18,-0.31%
2024-03-19 12:00:00,ADA,Short,Exit Short (Green),0.33%,0.095%,67407.28,67553.18,-0.22%
2024-03-19 12:00:00,SUI,Short,🛑 SL,-0.98%,-0.282%,67217.09,67553.18,-0.50%
2024-03-19 20:00:00,SUI,Short,🛑 SL,-0.98%,-0.282%,67027.45,67553.18,-0.78%
2024-03-20 00:00:00,ALGO,Short,🛑 SL,-0.82%,-0.236%,66869.21,67553.18,-1.01%
2024-03-20 00:00:00,DOGE,Short,🛑 SL,-0.75%,-0.216%,66724.82,67553.18,-1.23%
2024-03-20 00:00:00,LTC,Short,Exit Short (Green),2.18%,0.628%,67143.6,67553.18,-0.61%
2024-03-20 04:00:00,LTC,Short,🛑 SL,-0.55%,-0.158%,67037.28,67553.18,-0.76%
2024-03-20 08:00:00,LTC,Short,🛑 SL,-0.55%,-0.158%,66931.13,67553.18,-0.92%
2024-03-20 12:00:00,LTC,Short,🛑 SL,-0.55%,-0.158%,66825.15,67553.18,-1.08%
2024-03-22 16:00:00,BONK,Short,Exit Short (Green),2.03%,0.584%,67215.7,67553.18,-0.50%
2024-03-23 08:00:00,BONK,Short,Exit Short (Green),-1.44%,-0.415%,66937.04,67553.18,-0.91%
2024-03-29 04:00:00,SUI,Short,🛑 SL,-0.99%,-0.285%,66746.26,67553.18,-1.19%
2024-03-29 16:00:00,SUI,Short,Exit Short (Green),-0.70%,-0.202%,66611.74,67553.18,-1.39%
2024-04-01 16:00:00,SUI,Short,Exit Short (Green),3.90%,1.123%,67359.67,67553.18,-0.29%
2024-04-01 16:00:00,ADA,Short,Exit Short (Green),3.44%,0.990%,68026.78,68026.78,-0.00%
2024-04-02 20:00:00,BONK,Short,🛑 SL,-1.47%,-0.423%,67738.88,68026.78,-0.42%
2024-04-04 00:00:00,ADA,Short,🛑 SL,-0.77%,-0.222%,67588.72,68026.78,-0.64%
2024-04-04 00:00:00,ALGO,Short,🛑 SL,-0.78%,-0.225%,67436.94,68026.78,-0.87%
2024-04-05 08:00:00,BONK,Short,🛑 SL,-1.37%,-0.394%,67170.95,68026.78,-1.26%
2024-04-05 08:00:00,ALGO,Short,🛑 SL,-0.78%,-0.225%,67020.11,68026.78,-1.48%
2024-04-05 12:00:00,SUI,Short,Exit Short (Green),-0.22%,-0.063%,66977.66,68026.78,-1.54%
2024-04-05 20:00:00,BONK,Short,🛑 SL,-1.37%,-0.394%,66713.49,68026.78,-1.93%
2024-04-09 04:00:00,BONK,Short,🛑 SL,-1.31%,-0.377%,66461.88,68026.78,-2.30%
2024-04-09 20:00:00,SUI,Short,🛑 SL,-1.03%,-0.297%,66264.79,68026.78,-2.59%
2024-04-10 00:00:00,ADA,Short,🛑 SL,-0.73%,-0.210%,66125.53,68026.78,-2.79%
2024-04-10 04:00:00,BONK,Short,Exit Short (Green),3.11%,0.895%,66717.59,68026.78,-1.92%
2024-04-10 04:00:00,ALGO,Short,Exit Short (Green),0.85%,0.245%,66880.86,68026.78,-1.68%
2024-04-10 12:00:00,ADA,Short,🛑 SL,-0.73%,-0.210%,66740.3,68026.78,-1.89%
2024-04-12 00:00:00,BTC,Long,Stop Loss,-8.91%,-2.673%,64956.33,68026.78,-4.51%
2024-04-12 08:00:00,SUI,Short,Exit Short (Green),-0.55%,-0.158%,64853.48,68026.78,-4.66%
2024-04-12 12:00:00,BONK,Short,💰 TP,13.84%,3.985%,67437.59,68026.78,-0.87%
2024-04-12 12:00:00,ADA,Short,💰 TP,7.28%,2.096%,68851.02,68851.02,-0.00%
2024-04-12 12:00:00,ALGO,Short,💰 TP,7.90%,2.274%,70416.97,70416.97,-0.00%
2024-04-13 12:00:00,DOGE,Short,💰 TP,7.97%,2.295%,72032.74,72032.74,-0.00%
2024-04-13 16:00:00,SUI,Short,💰 TP,14.31%,4.120%,75000.38,75000.38,-0.00%
2024-04-13 16:00:00,ALGO,Short,💰 TP,9.83%,2.830%,77122.93,77122.93,-0.00%
2024-04-13 16:00:00,LTC,Short,💰 TP,6.80%,1.958%,78632.78,78632.78,-0.00%
2024-04-13 16:00:00,ADA,Short,🛑 SL,-0.94%,-0.271%,78419.98,78632.78,-0.27%
2024-04-13 16:00:00,BONK,Short,🛑 SL,-2.11%,-0.607%,77943.6,78632.78,-0.88%
2024-04-14 00:00:00,SUI,Short,🛑 SL,-1.43%,-0.412%,77622.71,78632.78,-1.28%
2024-04-14 08:00:00,ADA,Short,🛑 SL,-0.96%,-0.276%,77408.17,78632.78,-1.56%
2024-04-14 16:00:00,ALGO,Short,Exit Short (Green),2.05%,0.590%,77865.03,78632.78,-0.98%
2024-04-17 12:00:00,ADA,Short,🛑 SL,-0.98%,-0.282%,77645.34,78632.78,-1.26%
2024-04-17 12:00:00,DOGE,Short,🛑 SL,-0.94%,-0.271%,77435.21,78632.78,-1.52%
2024-04-17 12:00:00,ALGO,Short,🛑 SL,-1.07%,-0.308%,77196.67,78632.78,-1.83%
2024-04-17 12:00:00,BONK,Short,🛑 SL,-2.26%,-0.651%,76694.39,78632.78,-2.47%
2024-04-17 12:00:00,BNB,Short,🛑 SL,-0.47%,-0.135%,76590.61,78632.78,-2.60%
2024-04-17 12:00:00,SUI,Short,🛑 SL,-1.33%,-0.383%,76297.34,78632.78,-2.97%
2024-04-17 20:00:00,DOGE,Short,🛑 SL,-0.94%,-0.271%,76090.86,78632.78,-3.23%
2024-04-17 20:00:00,ALGO,Short,🛑 SL,-1.06%,-0.305%,75858.65,78632.78,-3.53%
2024-04-17 20:00:00,SUI,Short,🛑 SL,-1.31%,-0.377%,75572.55,78632.78,-3.89%
2024-04-17 20:00:00,ADA,Short,🛑 SL,-0.97%,-0.279%,75361.5,78632.78,-4.16%
2024-04-17 20:00:00,BONK,Short,🛑 SL,-2.26%,-0.651%,74871.16,78632.78,-4.78%
2024-04-18 04:00:00,ALGO,Short,🛑 SL,-1.06%,-0.305%,74642.67,78632.78,-5.07%
2024-04-18 04:00:00,ADA,Short,🛑 SL,-0.97%,-0.279%,74434.23,78632.78,-5.34%
2024-04-18 04:00:00,BONK,Short,🛑 SL,-2.26%,-0.651%,73949.92,78632.78,-5.96%
2024-04-18 04:00:00,DOGE,Short,🛑 SL,-0.94%,-0.271%,73749.79,78632.78,-6.21%
2024-04-18 08:00:00,DOGE,Short,🛑 SL,-0.94%,-0.271%,73550.2,78632.78,-6.46%
2024-04-18 20:00:00,LTC,Short,🛑 SL,-0.75%,-0.216%,73391.39,78632.78,-6.67%
2024-04-18 20:00:00,ADA,Short,🛑 SL,-1.00%,-0.288%,73180.1,78632.78,-6.93%
2024-04-18 20:00:00,ALGO,Short,🛑 SL,-1.07%,-0.308%,72954.66,78632.78,-7.22%
2024-04-18 20:00:00,BONK,Short,🛑 SL,-2.28%,-0.656%,72475.78,78632.78,-7.83%
2024-04-18 20:00:00,SUI,Short,🛑 SL,-1.32%,-0.380%,72200.35,78632.78,-8.18%
2024-04-19 00:00:00,DOGE,Short,🛑 SL,-0.94%,-0.271%,72004.96,78632.78,-8.43%
2024-04-23 20:00:00,SUI,Short,🛑 SL,-1.15%,-0.331%,71766.56,78632.78,-8.73%
2024-04-24 12:00:00,LTC,Short,🛑 SL,-0.68%,-0.196%,71626.06,78632.78,-8.91%
2024-04-24 16:00:00,DOGE,Short,Exit Short (Green),2.19%,0.631%,72077.66,78632.78,-8.34%
2024-04-24 16:00:00,ADA,Short,Exit Short (Green),1.58%,0.455%,72405.53,78632.78,-7.92%
2024-04-25 00:00:00,LTC,Short,Exit Short (Green),0.33%,0.095%,72474.32,78632.78,-7.83%
2024-04-25 12:00:00,SUI,Short,Exit Short (Green),5.91%,1.701%,73707.47,78632.78,-6.26%
2024-04-26 16:00:00,ADA,Short,🛑 SL,-0.91%,-0.262%,73514.36,78632.78,-6.51%
2024-04-26 20:00:00,ALGO,Short,🛑 SL,-0.93%,-0.268%,73317.53,78632.78,-6.76%
2024-04-27 04:00:00,ALGO,Short,🛑 SL,-0.93%,-0.268%,73121.22,78632.78,-7.01%
2024-04-27 12:00:00,ADA,Short,Exit Short (Green),0.95%,0.274%,73321.21,78632.78,-6.75%
2024-04-29 04:00:00,LTC,Short,🛑 SL,-0.69%,-0.199%,73175.56,78632.78,-6.94%
2024-04-29 12:00:00,LTC,Short,Exit Short (Green),-0.42%,-0.121%,73087.08,78632.78,-7.05%
2024-04-29 12:00:00,DOGE,Short,Exit Short (Green),-0.64%,-0.184%,72952.41,78632.78,-7.22%
2024-04-29 12:00:00,ALGO,Short,Exit Short (Green),0.54%,0.155%,73065.83,78632.78,-7.08%
2024-04-29 20:00:00,DOGE,Short,🛑 SL,-1.00%,-0.288%,72855.47,78632.78,-7.35%
2024-04-30 12:00:00,LTC,Short,💰 TP,6.83%,1.966%,74288.07,78632.78,-5.53%
2024-04-30 12:00:00,ALGO,Short,💰 TP,9.44%,2.718%,76307.05,78632.78,-2.96%
2024-04-30 12:00:00,ADA,Short,Exit Short (Green),2.33%,0.671%,76818.92,78632.78,-2.31%
2024-04-30 16:00:00,SUI,Short,🛑 SL,-1.27%,-0.366%,76538.05,78632.78,-2.66%
2024-04-30 20:00:00,DOGE,Short,Exit Short (Green),4.46%,1.284%,77520.82,78632.78,-1.41%
2024-05-01 00:00:00,SUI,Short,🛑 SL,-1.27%,-0.366%,77237.38,78632.78,-1.77%
2024-05-02 04:00:00,ADA,Short,🛑 SL,-0.94%,-0.271%,77028.36,78632.78,-2.04%
2024-05-06 08:00:00,LTC,Short,🛑 SL,-0.72%,-0.207%,76868.69,78632.78,-2.24%
2024-05-06 08:00:00,ADA,Short,🛑 SL,-0.92%,-0.265%,76665.09,78632.78,-2.50%
2024-05-07 00:00:00,ALGO,Short,🛑 SL,-0.95%,-0.274%,76455.4,78632.78,-2.77%
2024-05-07 04:00:00,LTC,Short,Exit Short (Green),-0.09%,-0.026%,76435.59,78632.78,-2.79%
2024-05-07 04:00:00,ADA,Short,Exit Short (Green),0.62%,0.178%,76572.03,78632.78,-2.62%
2024-05-08 00:00:00,ADA,Short,Exit Short (Green),0.31%,0.089%,76640.37,78632.78,-2.53%
2024-05-08 00:00:00,SUI,Short,Exit Short (Green),1.21%,0.348%,76907.35,78632.78,-2.19%
2024-05-08 04:00:00,LTC,Short,🛑 SL,-0.73%,-0.210%,76745.72,78632.78,-2.40%
2024-05-08 08:00:00,ALGO,Short,Exit Short (Green),1.47%,0.423%,77070.52,78632.78,-1.99%
2024-05-09 00:00:00,ALGO,Short,Exit Short (Green),0.58%,0.167%,77199.21,78632.78,-1.82%
2024-05-09 08:00:00,SUI,Short,🛑 SL,-1.22%,-0.351%,76928.06,78632.78,-2.17%
2024-05-09 08:00:00,ALGO,Short,🛑 SL,-0.98%,-0.282%,76711.01,78632.78,-2.44%
2024-05-10 20:00:00,ADA,Short,🛑 SL,-0.93%,-0.268%,76505.62,78632.78,-2.71%
2024-05-10 20:00:00,ALGO,Short,Exit Short (Green),0.50%,0.144%,76615.75,78632.78,-2.57%
2024-05-10 20:00:00,BONK,Short,Exit Short (Green),-0.44%,-0.127%,76518.7,78632.78,-2.69%
2024-05-11 00:00:00,BONK,Short,🛑 SL,-1.54%,-0.443%,76179.44,78632.78,-3.12%
2024-05-11 00:00:00,SUI,Short,Exit Short (Green),0.14%,0.040%,76210.14,78632.78,-3.08%
2024-05-11 08:00:00,SUI,Short,🛑 SL,-1.21%,-0.348%,75944.66,78632.78,-3.42%
2024-05-12 00:00:00,ADA,Short,Exit Short (Green),1.41%,0.406%,76252.95,78632.78,-3.03%
2024-05-12 04:00:00,DOGE,Short,🛑 SL,-1.08%,-0.311%,76015.85,78632.78,-3.33%
2024-05-12 12:00:00,DOGE,Short,🛑 SL,-1.08%,-0.311%,75779.49,78632.78,-3.63%
2024-05-13 00:00:00,LTC,Short,🛑 SL,-0.73%,-0.210%,75620.23,78632.78,-3.83%
2024-05-13 04:00:00,DOGE,Short,🛑 SL,-1.08%,-0.311%,75385.1,78632.78,-4.13%
2024-05-13 04:00:00,SUI,Short,Exit Short (Green),-0.86%,-0.248%,75198.45,78632.78,-4.37%
2024-05-13 04:00:00,BONK,Short,Exit Short (Green),-1.15%,-0.331%,74949.48,78632.78,-4.68%
2024-05-13 08:00:00,DOGE,Short,🛑 SL,-1.08%,-0.311%,74716.44,78632.78,-4.98%
2024-05-14 04:00:00,ADA,Short,Exit Short (Green),2.13%,0.613%,75174.62,78632.78,-4.40%
2024-05-14 08:00:00,LTC,Short,🛑 SL,-0.73%,-0.210%,75016.63,78632.78,-4.60%
2024-05-14 16:00:00,LTC,Short,🛑 SL,-0.73%,-0.210%,74858.97,78632.78,-4.80%
2024-05-15 00:00:00,SUI,Short,Exit Short (Green),3.91%,1.126%,75701.65,78632.78,-3.73%
2024-05-19 20:00:00,DOGE,Short,Exit Short (Green),1.42%,0.409%,76011.13,78632.78,-3.33%
2024-05-19 20:00:00,BNB,Short,Exit Short (Green),-0.07%,-0.020%,75995.81,78632.78,-3.35%
2024-05-20 00:00:00,BNB,Short,🛑 SL,-0.50%,-0.144%,75886.42,78632.78,-3.49%
2024-05-20 04:00:00,SUI,Short,Exit Short (Green),2.67%,0.769%,76469.75,78632.78,-2.75%
2024-05-20 12:00:00,BNB,Short,Exit Short (Green),-0.42%,-0.121%,76377.28,78632.78,-2.87%
2024-05-23 16:00:00,LTC,Short,🛑 SL,-0.73%,-0.210%,76216.76,78632.78,-3.07%
2024-05-23 20:00:00,ALGO,Short,Exit Short (Green),0.49%,0.141%,76324.28,78632.78,-2.94%
2024-05-26 20:00:00,ADA,Short,🛑 SL,-0.89%,-0.256%,76128.72,78632.78,-3.18%
2024-05-27 04:00:00,ADA,Short,🛑 SL,-0.89%,-0.256%,75933.65,78632.78,-3.43%
2024-05-28 04:00:00,ADA,Short,🛑 SL,-0.88%,-0.253%,75741.27,78632.78,-3.68%
2024-05-28 16:00:00,LTC,Short,Exit Short (Green),0.31%,0.089%,75808.87,78632.78,-3.59%
2024-05-28 20:00:00,ADA,Short,🛑 SL,-0.88%,-0.253%,75616.81,78632.78,-3.84%
2024-05-29 04:00:00,ADA,Short,🛑 SL,-0.88%,-0.253%,75425.23,78632.78,-4.08%
2024-05-29 08:00:00,LTC,Short,Exit Short (Green),-0.01%,-0.003%,75423.06,78632.78,-4.08%
2024-05-30 00:00:00,ADA,Short,Exit Short (Green),-0.49%,-0.141%,75316.66,78632.78,-4.22%
2024-05-30 04:00:00,LTC,Short,🛑 SL,-0.73%,-0.210%,75158.37,78632.78,-4.42%
2024-05-31 08:00:00,ALGO,Short,Exit Short (Green),0.29%,0.083%,75221.12,78632.78,-4.34%
2024-05-31 12:00:00,DOGE,Short,🛑 SL,-1.09%,-0.314%,74985.07,78632.78,-4.64%
2024-05-31 12:00:00,ALGO,Short,🛑 SL,-1.00%,-0.288%,74769.19,78632.78,-4.91%
2024-06-01 08:00:00,ALGO,Short,Exit Short (Green),-0.52%,-0.150%,74657.25,78632.78,-5.06%
2024-06-02 08:00:00,ALGO,Short,Exit Short (Green),-0.71%,-0.204%,74504.64,78632.78,-5.25%
2024-06-02 20:00:00,SUI,Short,Exit Short (Green),-0.25%,-0.072%,74451.02,78632.78,-5.32%
2024-06-02 20:00:00,ADA,Short,Exit Short (Green),-0.63%,-0.181%,74315.98,78632.78,-5.49%
2024-06-03 00:00:00,ALGO,Short,Exit Short (Green),0.01%,0.003%,74318.12,78632.78,-5.49%
2024-06-03 12:00:00,ALGO,Short,Exit Short (Green),-0.99%,-0.285%,74106.3,78632.78,-5.76%
2024-06-04 08:00:00,LTC,Short,🛑 SL,-0.73%,-0.210%,73950.55,78632.78,-5.95%
2024-06-04 08:00:00,SUI,Short,🛑 SL,-1.02%,-0.294%,73733.39,78632.78,-6.23%
2024-06-04 08:00:00,ALGO,Short,Exit Short (Green),-0.70%,-0.202%,73584.8,78632.78,-6.42%
2024-06-06 20:00:00,ADA,Short,Exit Short (Green),-0.22%,-0.063%,73538.19,78632.78,-6.48%
2024-06-07 12:00:00,SUI,Short,💰 TP,10.15%,2.922%,75687.11,78632.78,-3.75%
2024-06-07 12:00:00,LTC,Short,💰 TP,7.27%,2.093%,77271.27,78632.78,-1.73%
2024-06-07 20:00:00,ADA,Short,Exit Short (Green),1.79%,0.515%,77669.48,78632.78,-1.23%
2024-06-07 20:00:00,ALGO,Short,Exit Short (Green),2.45%,0.705%,78217.32,78632.78,-0.53%
2024-06-08 00:00:00,DOGE,Short,Exit Short (Green),3.89%,1.120%,79093.3,79093.3,-0.00%
2024-06-10 04:00:00,SUI,Short,🛑 SL,-1.13%,-0.325%,78835.99,79093.3,-0.33%
2024-06-10 04:00:00,DOGE,Short,🛑 SL,-1.16%,-0.334%,78572.71,79093.3,-0.66%
2024-06-10 08:00:00,BONK,Short,🛑 SL,-1.53%,-0.440%,78226.6,79093.3,-1.10%
2024-06-10 20:00:00,DOGE,Short,Exit Short (Green),-0.89%,-0.256%,78026.16,79093.3,-1.35%
2024-06-10 20:00:00,SUI,Short,Exit Short (Green),-0.86%,-0.248%,77832.98,79093.3,-1.59%
2024-06-11 00:00:00,LTC,Short,🛑 SL,-0.72%,-0.207%,77671.64,79093.3,-1.80%
2024-06-11 00:00:00,BTC,Long,Exit Signal,1.52%,0.456%,78025.82,79093.3,-1.35%
2024-06-11 04:00:00,BONK,Short,🛑 SL,-1.49%,-0.429%,77691.11,79093.3,-1.77%
2024-06-11 08:00:00,BONK,Short,🛑 SL,-1.49%,-0.429%,77357.84,79093.3,-2.19%
2024-06-11 12:00:00,BONK,Short,🛑 SL,-1.49%,-0.429%,77026.0,79093.3,-2.61%
2024-06-11 16:00:00,LTC,Short,Exit Short (Green),1.92%,0.553%,77451.77,79093.3,-2.08%
2024-06-11 16:00:00,ADA,Short,Exit Short (Green),2.97%,0.855%,78114.03,79093.3,-1.24%
2024-06-11 16:00:00,ALGO,Short,Exit Short (Green),3.29%,0.947%,78853.92,79093.3,-0.30%
2024-06-11 16:00:00,SUI,Short,Exit Short (Green),1.10%,0.317%,79103.64,79103.64,-0.00%
2024-06-12 20:00:00,ALGO,Short,Exit Short (Green),-0.22%,-0.063%,79053.54,79103.64,-0.06%
2024-06-13 12:00:00,BONK,Short,🛑 SL,-1.48%,-0.426%,78716.7,79103.64,-0.49%
2024-06-14 00:00:00,ALGO,Short,🛑 SL,-1.09%,-0.314%,78469.68,79103.64,-0.80%
2024-06-14 00:00:00,BONK,Short,🛑 SL,-1.48%,-0.426%,78135.33,79103.64,-1.22%
2024-06-14 12:00:00,BNB,Short,🛑 SL,-0.52%,-0.150%,78018.35,79103.64,-1.37%
2024-06-14 20:00:00,SUI,Short,Exit Short (Green),1.03%,0.297%,78249.71,79103.64,-1.08%
2024-06-14 20:00:00,ALGO,Short,Exit Short (Green),2.61%,0.751%,78837.69,79103.64,-0.34%
2024-06-14 20:00:00,DOGE,Short,Exit Short (Green),3.64%,1.048%,79663.87,79663.87,-0.00%
2024-06-14 20:00:00,ADA,Short,Exit Short (Green),0.22%,0.063%,79714.33,79714.33,-0.00%
2024-06-14 20:00:00,BONK,Short,Exit Short (Green),3.47%,0.999%,80510.69,80510.69,-0.00%
2024-06-15 08:00:00,SUI,Short,🛑 SL,-1.07%,-0.308%,80262.67,80510.69,-0.31%
2024-06-17 08:00:00,BNB,Short,🛑 SL,-0.49%,-0.141%,80149.44,80510.69,-0.45%
2024-06-17 08:00:00,ALGO,Short,Exit Short (Green),0.77%,0.222%,80327.12,80510.69,-0.23%
2024-06-17 08:00:00,DOGE,Short,Exit Short (Green),0.24%,0.069%,80382.62,80510.69,-0.16%
2024-06-17 12:00:00,ADA,Short,🛑 SL,-0.80%,-0.230%,80197.49,80510.69,-0.39%
2024-06-17 12:00:00,LTC,Short,🛑 SL,-0.71%,-0.204%,80033.56,80510.69,-0.59%
2024-06-17 16:00:00,SUI,Short,Exit Short (Green),1.75%,0.504%,80436.79,80510.69,-0.09%
2024-06-17 16:00:00,BONK,Short,Exit Short (Green),1.46%,0.420%,80774.89,80774.89,-0.00%
2024-06-17 20:00:00,ADA,Short,💰 TP,7.98%,2.297%,82630.64,82630.64,-0.00%
2024-06-18 04:00:00,LTC,Short,Exit Short (Green),3.33%,0.959%,83422.83,83422.83,-0.00%
2024-06-18 20:00:00,BNB,Short,Exit Short (Green),2.08%,0.599%,83922.39,83922.39,-0.00%
2024-06-21 08:00:00,BONK,Short,🛑 SL,-1.71%,-0.492%,83509.24,83922.39,-0.49%
2024-06-21 12:00:00,BONK,Short,🛑 SL,-1.71%,-0.492%,83098.11,83922.39,-0.98%
2024-06-21 12:00:00,ADA,Short,🛑 SL,-0.83%,-0.239%,82899.54,83922.39,-1.22%
2024-06-21 16:00:00,ADA,Short,🛑 SL,-0.83%,-0.239%,82701.45,83922.39,-1.45%
2024-06-23 12:00:00,SUI,Short,🛑 SL,-1.13%,-0.325%,82432.4,83922.39,-1.78%
2024-06-23 16:00:00,DOGE,Short,🛑 SL,-1.15%,-0.331%,82159.48,83922.39,-2.10%
2024-06-23 20:00:00,BNB,Short,🛑 SL,-0.48%,-0.138%,82045.94,83922.39,-2.24%
2024-06-24 04:00:00,ADA,Short,🛑 SL,-0.80%,-0.230%,81856.97,83922.39,-2.46%
2024-06-24 04:00:00,ALGO,Short,🛑 SL,-1.14%,-0.328%,81588.31,83922.39,-2.78%
2024-06-24 08:00:00,ADA,Short,🛑 SL,-0.80%,-0.230%,81400.4,83922.39,-3.01%
2024-06-24 08:00:00,SUI,Short,Exit Short (Green),1.17%,0.337%,81674.59,83922.39,-2.68%
2024-06-24 08:00:00,BONK,Short,Exit Short (Green),2.03%,0.584%,82151.93,83922.39,-2.11%
2024-06-24 16:00:00,SUI,Short,🛑 SL,-1.11%,-0.320%,81889.39,83922.39,-2.42%
2024-06-24 20:00:00,LTC,Short,Exit Short (Green),3.45%,0.993%,82702.76,83922.39,-1.45%
2024-06-24 20:00:00,DOGE,Short,Exit Short (Green),1.95%,0.561%,83167.06,83922.39,-0.90%
2024-06-28 20:00:00,BNB,Short,🛑 SL,-0.45%,-0.130%,83059.31,83922.39,-1.03%
2024-06-29 00:00:00,SUI,Short,Exit Short (Green),-0.48%,-0.138%,82944.53,83922.39,-1.17%
2024-06-30 00:00:00,ALGO,Short,🛑 SL,-0.95%,-0.274%,82717.68,83922.39,-1.44%
2024-06-30 04:00:00,DOGE,Short,Exit Short (Green),-0.42%,-0.121%,82617.66,83922.39,-1.55%
2024-06-30 04:00:00,SUI,Short,Exit Short (Green),1.14%,0.328%,82888.81,83922.39,-1.23%
2024-06-30 04:00:00,BONK,Short,Exit Short (Green),0.23%,0.066%,82943.7,83922.39,-1.17%
2024-06-30 12:00:00,BONK,Short,🛑 SL,-1.44%,-0.415%,82599.83,83922.39,-1.58%
2024-06-30 12:00:00,DOGE,Short,Exit Short (Green),-0.56%,-0.161%,82466.66,83922.39,-1.73%
2024-06-30 16:00:00,BONK,Short,🛑 SL,-1.44%,-0.415%,82124.78,83922.39,-2.14%
2024-07-03 00:00:00,SUI,Short,🛑 SL,-0.99%,-0.285%,81890.7,83922.39,-2.42%
2024-07-03 08:00:00,LTC,Short,🛑 SL,-0.61%,-0.176%,81746.89,83922.39,-2.59%
2024-07-03 12:00:00,SUI,Short,Exit Short (Green),-0.20%,-0.058%,81699.82,83922.39,-2.65%
2024-07-03 20:00:00,LTC,Short,💰 TP,6.01%,1.730%,83113.45,83922.39,-0.96%
2024-07-03 20:00:00,BNB,Short,Exit Short (Green),2.04%,0.587%,83601.59,83922.39,-0.38%
2024-07-03 20:00:00,DOGE,Short,Exit Short (Green),1.67%,0.481%,84003.54,84003.54,-0.00%
2024-07-04 00:00:00,ALGO,Short,🛑 SL,-0.93%,-0.268%,83778.62,84003.54,-0.27%
2024-07-04 08:00:00,ADA,Short,🛑 SL,-0.69%,-0.199%,83612.2,84003.54,-0.47%
2024-07-04 08:00:00,BONK,Short,🛑 SL,-1.49%,-0.429%,83253.52,84003.54,-0.89%
2024-07-04 20:00:00,ADA,Short,💰 TP,6.90%,1.987%,84907.36,84907.36,-0.00%
2024-07-04 20:00:00,BONK,Short,💰 TP,14.63%,4.212%,88483.64,88483.64,-0.00%
2024-07-04 20:00:00,ALGO,Short,💰 TP,9.24%,2.660%,90837.48,90837.48,-0.00%
2024-07-11 20:00:00,DOGE,Short,🛑 SL,-1.08%,-0.311%,90555.04,90837.48,-0.31%
2024-07-18 12:00:00,SUI,Short,🛑 SL,-0.97%,-0.279%,90302.15,90837.48,-0.59%
2024-07-18 16:00:00,SUI,Short,🛑 SL,-0.97%,-0.279%,90049.97,90837.48,-0.87%
2024-07-18 16:00:00,LTC,Short,🛑 SL,-0.53%,-0.153%,89912.57,90837.48,-1.02%
2024-07-18 20:00:00,LTC,Short,🛑 SL,-0.52%,-0.150%,89777.96,90837.48,-1.17%
2024-07-19 00:00:00,SUI,Short,🛑 SL,-0.96%,-0.276%,89529.83,90837.48,-1.44%
2024-07-19 08:00:00,LTC,Short,🛑 SL,-0.52%,-0.150%,89395.8,90837.48,-1.59%
2024-07-22 20:00:00,LTC,Short,🛑 SL,-0.49%,-0.141%,89269.68,90837.48,-1.73%
2024-07-23 04:00:00,LTC,Short,🛑 SL,-0.48%,-0.138%,89146.32,90837.48,-1.86%
2024-07-25 04:00:00,ADA,Short,Exit Short (Green),1.66%,0.478%,89572.36,90837.48,-1.39%
2024-07-25 04:00:00,LTC,Short,Exit Short (Green),1.93%,0.556%,90070.07,90837.48,-0.84%
2024-07-25 04:00:00,SUI,Short,Exit Short (Green),6.82%,1.963%,91838.58,91838.58,-0.00%
2024-07-25 04:00:00,ALGO,Short,Exit Short (Green),3.87%,1.114%,92861.82,92861.82,-0.00%
2024-07-28 16:00:00,SUI,Short,🛑 SL,-0.86%,-0.248%,92631.9,92861.82,-0.25%
2024-07-29 16:00:00,SUI,Short,🛑 SL,-0.85%,-0.245%,92405.21,92861.82,-0.49%
2024-07-29 20:00:00,ADA,Short,🛑 SL,-0.55%,-0.158%,92258.89,92861.82,-0.65%
2024-07-30 20:00:00,SUI,Short,Exit Short (Green),4.02%,1.157%,93326.66,93326.66,-0.00%
2024-07-30 20:00:00,ALGO,Short,Exit Short (Green),-0.04%,-0.012%,93315.91,93326.66,-0.01%
2024-07-31 08:00:00,ADA,Short,Exit Short (Green),0.37%,0.107%,93415.31,93415.31,-0.00%
2024-07-31 20:00:00,LTC,Short,🛑 SL,-0.45%,-0.130%,93294.29,93415.31,-0.13%
2024-08-01 00:00:00,BTC,Long,Exit Signal,0.90%,0.270%,93546.18,93546.18,-0.00%
2024-08-01 08:00:00,DOGE,Short,Exit Short (Green),2.24%,0.645%,94149.46,94149.46,-0.00%
2024-08-01 08:00:00,ADA,Short,Exit Short (Green),0.69%,0.199%,94336.49,94336.49,-0.00%
2024-08-01 08:00:00,ALGO,Short,Exit Short (Green),2.79%,0.803%,95094.24,95094.24,-0.00%
2024-08-01 08:00:00,BONK,Short,Exit Short (Green),6.76%,1.946%,96944.97,96944.97,-0.00%
2024-08-01 08:00:00,SUI,Short,Exit Short (Green),2.24%,0.645%,97570.16,97570.16,-0.00%
2024-08-01 16:00:00,BNB,Short,Exit Short (Green),1.58%,0.455%,98013.99,98013.99,-0.00%
2024-08-02 04:00:00,BNB,Short,🛑 SL,-0.40%,-0.115%,97901.12,98013.99,-0.12%
2024-08-02 08:00:00,DOGE,Short,🛑 SL,-0.83%,-0.239%,97667.17,98013.99,-0.35%
2024-08-02 08:00:00,ALGO,Short,🛑 SL,-0.80%,-0.230%,97442.23,98013.99,-0.58%
2024-08-02 12:00:00,SUI,Short,🛑 SL,-0.95%,-0.274%,97175.72,98013.99,-0.86%
2024-08-02 16:00:00,BONK,Short,🛑 SL,-1.44%,-0.415%,96772.85,98013.99,-1.27%
2024-08-02 16:00:00,DOGE,Short,🛑 SL,-0.83%,-0.239%,96541.61,98013.99,-1.50%
2024-08-02 16:00:00,ALGO,Short,🛑 SL,-0.80%,-0.230%,96319.25,98013.99,-1.73%
2024-08-02 16:00:00,BNB,Short,🛑 SL,-0.41%,-0.118%,96205.56,98013.99,-1.85%
2024-08-03 00:00:00,ADA,Short,Exit Short (Green),0.60%,0.173%,96371.74,98013.99,-1.68%
2024-08-03 00:00:00,BONK,Short,Exit Short (Green),-0.90%,-0.259%,96122.03,98013.99,-1.93%
2024-08-03 00:00:00,LTC,Short,Exit Short (Green),1.03%,0.297%,96407.07,98013.99,-1.64%
2024-08-03 08:00:00,ADA,Short,🛑 SL,-0.60%,-0.173%,96240.54,98013.99,-1.81%
2024-08-03 08:00:00,DOGE,Short,🛑 SL,-0.83%,-0.239%,96010.56,98013.99,-2.04%
2024-08-03 08:00:00,LTC,Short,🛑 SL,-0.50%,-0.144%,95872.36,98013.99,-2.19%
2024-08-03 20:00:00,SUI,Short,Exit Short (Green),1.21%,0.348%,96206.34,98013.99,-1.84%
2024-08-03 20:00:00,BONK,Short,Exit Short (Green),5.61%,1.615%,97760.18,98013.99,-0.26%
2024-08-03 20:00:00,ALGO,Short,Exit Short (Green),4.08%,1.175%,98908.51,98908.51,-0.00%
2024-08-04 12:00:00,LTC,Short,🛑 SL,-0.53%,-0.153%,98757.58,98908.51,-0.15%
2024-08-04 12:00:00,ADA,Short,🛑 SL,-0.63%,-0.181%,98578.46,98908.51,-0.33%
2024-08-04 16:00:00,ALGO,Short,Exit Short (Green),0.64%,0.184%,98760.1,98908.51,-0.15%
2024-08-04 20:00:00,LTC,Short,💰 TP,5.19%,1.494%,100235.77,100235.77,-0.00%
2024-08-04 20:00:00,ADA,Short,💰 TP,6.31%,1.817%,102056.7,102056.7,-0.00%
2024-08-07 20:00:00,ALGO,Short,🛑 SL,-0.86%,-0.248%,101804.02,102056.7,-0.25%
2024-08-11 16:00:00,LTC,Short,🛑 SL,-0.56%,-0.161%,101639.88,102056.7,-0.41%
2024-08-11 20:00:00,LTC,Short,🛑 SL,-0.56%,-0.161%,101476.02,102056.7,-0.57%
2024-08-12 00:00:00,DOGE,Short,Exit Short (Green),0.01%,0.003%,101478.94,102056.7,-0.57%
2024-08-12 00:00:00,BONK,Short,Exit Short (Green),3.91%,1.126%,102621.28,102621.28,-0.00%
2024-08-12 00:00:00,ADA,Short,Exit Short (Green),4.07%,1.172%,103823.74,103823.74,-0.00%
2024-08-12 20:00:00,BONK,Short,Exit Short (Green),-0.35%,-0.101%,103719.13,103823.74,-0.10%
2024-08-14 20:00:00,BONK,Short,Exit Short (Green),0.21%,0.060%,103781.83,103823.74,-0.04%
2024-08-15 00:00:00,DOGE,Short,Exit Short (Green),0.64%,0.184%,103973.06,103973.06,-0.00%
2024-08-15 08:00:00,SUI,Short,Exit Short (Green),0.33%,0.095%,104071.84,104071.84,-0.00%
2024-08-15 20:00:00,DOGE,Short,Exit Short (Green),1.13%,0.325%,104410.41,104410.41,-0.00%
2024-08-15 20:00:00,BONK,Short,Exit Short (Green),3.48%,1.002%,105456.49,105456.49,-0.00%
2024-08-15 20:00:00,ADA,Short,Exit Short (Green),1.87%,0.538%,106024.24,106024.24,-0.00%
2024-08-16 00:00:00,ALGO,Short,Exit Short (Green),1.08%,0.311%,106353.9,106353.9,-0.00%
2024-08-16 12:00:00,ADA,Short,🛑 SL,-0.68%,-0.196%,106145.69,106353.9,-0.20%
2024-08-16 16:00:00,DOGE,Short,Exit Short (Green),0.45%,0.130%,106283.21,106353.9,-0.07%
2024-08-16 16:00:00,BONK,Short,Exit Short (Green),1.00%,0.288%,106589.2,106589.2,-0.00%
2024-08-16 16:00:00,ALGO,Short,Exit Short (Green),0.97%,0.279%,106886.86,106886.86,-0.00%
2024-08-19 08:00:00,BONK,Short,🛑 SL,-1.75%,-0.504%,106348.34,106886.86,-0.50%
2024-08-21 08:00:00,LTC,Short,🛑 SL,-0.53%,-0.153%,106186.07,106886.86,-0.66%
2024-08-21 08:00:00,SUI,Short,🛑 SL,-1.05%,-0.302%,105865.07,106886.86,-0.96%
2024-08-26 12:00:00,LTC,Short,🛑 SL,-0.52%,-0.150%,105706.58,106886.86,-1.10%
2024-08-26 12:00:00,SUI,Short,🛑 SL,-0.91%,-0.262%,105429.64,106886.86,-1.36%
2024-08-27 00:00:00,DOGE,Short,Exit Short (Green),1.90%,0.547%,106006.36,106886.86,-0.82%
2024-08-27 00:00:00,LTC,Short,Exit Short (Green),0.17%,0.049%,106058.24,106886.86,-0.78%
2024-08-27 00:00:00,BTC,Long,Stop Loss,-8.27%,-2.481%,103426.93,106886.86,-3.24%
2024-08-27 00:00:00,BONK,Short,Exit Short (Green),1.54%,0.443%,103885.49,106886.86,-2.81%
2024-08-27 16:00:00,LTC,Short,💰 TP,5.15%,1.483%,105425.79,106886.86,-1.37%
2024-08-28 12:00:00,SUI,Short,🛑 SL,-1.05%,-0.302%,105107.09,106886.86,-1.67%
2024-08-30 00:00:00,SUI,Short,🛑 SL,-1.01%,-0.291%,104801.46,106886.86,-1.95%
2024-08-30 12:00:00,DOGE,Short,🛑 SL,-0.83%,-0.239%,104551.03,106886.86,-2.19%
2024-08-30 12:00:00,BNB,Short,🛑 SL,-0.47%,-0.135%,104409.56,106886.86,-2.32%
2024-08-30 12:00:00,SUI,Short,🛑 SL,-1.01%,-0.291%,104105.96,106886.86,-2.60%
2024-08-30 12:00:00,ALGO,Short,🛑 SL,-0.69%,-0.199%,103899.15,106886.86,-2.80%
2024-08-30 16:00:00,ADA,Short,Exit Short (Green),1.06%,0.305%,104216.22,106886.86,-2.50%
2024-08-30 16:00:00,BONK,Short,Exit Short (Green),1.14%,0.328%,104558.27,106886.86,-2.18%
2024-08-31 20:00:00,BONK,Short,Exit Short (Green),1.59%,0.458%,105036.9,106886.86,-1.73%
2024-09-01 00:00:00,ALGO,Short,🛑 SL,-0.70%,-0.202%,104825.21,106886.86,-1.93%
2024-09-01 08:00:00,ADA,Short,🛑 SL,-0.64%,-0.184%,104632.07,106886.86,-2.11%
2024-09-01 12:00:00,BONK,Short,Exit Short (Green),-0.95%,-0.274%,104345.89,106886.86,-2.38%
2024-09-01 12:00:00,BNB,Short,Exit Short (Green),0.21%,0.060%,104408.98,106886.86,-2.32%
2024-09-01 12:00:00,DOGE,Short,🛑 SL,-0.82%,-0.236%,104162.49,106886.86,-2.55%
2024-09-01 16:00:00,ALGO,Short,Exit Short (Green),0.32%,0.092%,104258.46,106886.86,-2.46%
2024-09-01 16:00:00,ADA,Short,🛑 SL,-0.64%,-0.184%,104066.35,106886.86,-2.64%
2024-09-01 20:00:00,SUI,Short,🛑 SL,-1.02%,-0.294%,103760.75,106886.86,-2.92%
2024-09-02 00:00:00,DOGE,Short,Exit Short (Green),1.81%,0.521%,104301.45,106886.86,-2.42%
2024-09-02 00:00:00,BONK,Short,Exit Short (Green),1.13%,0.325%,104640.77,106886.86,-2.10%
2024-09-02 08:00:00,ALGO,Short,🛑 SL,-0.69%,-0.199%,104432.9,106886.86,-2.30%
2024-09-02 12:00:00,DOGE,Short,Exit Short (Green),-0.39%,-0.112%,104315.64,106886.86,-2.41%
2024-09-02 12:00:00,BONK,Short,🛑 SL,-1.66%,-0.478%,103817.1,106886.86,-2.87%
2024-09-02 16:00:00,BNB,Short,🛑 SL,-0.47%,-0.135%,103676.63,106886.86,-3.00%
2024-09-03 16:00:00,ADA,Short,Exit Short (Green),0.12%,0.035%,103712.44,106886.86,-2.97%
2024-09-03 20:00:00,LTC,Short,🛑 SL,-0.53%,-0.153%,103554.19,106886.86,-3.12%
2024-09-03 20:00:00,ALGO,Short,🛑 SL,-0.72%,-0.207%,103339.54,106886.86,-3.32%
2024-09-03 20:00:00,BNB,Short,🛑 SL,-0.50%,-0.144%,103190.78,106886.86,-3.46%
2024-09-03 20:00:00,DOGE,Short,🛑 SL,-0.83%,-0.239%,102944.2,106886.86,-3.69%
2024-09-04 00:00:00,ALGO,Short,🛑 SL,-0.72%,-0.207%,102730.81,106886.86,-3.89%
2024-09-04 00:00:00,BONK,Short,🛑 SL,-1.72%,-0.495%,102222.1,106886.86,-4.36%
2024-09-04 00:00:00,SUI,Short,🛑 SL,-0.99%,-0.285%,101930.74,106886.86,-4.64%
2024-09-04 08:00:00,ALGO,Short,🛑 SL,-0.72%,-0.207%,101719.45,106886.86,-4.83%
2024-09-04 08:00:00,BONK,Short,🛑 SL,-1.72%,-0.495%,101215.75,106886.86,-5.31%
2024-09-04 08:00:00,BNB,Short,🛑 SL,-0.50%,-0.144%,101070.05,106886.86,-5.44%
2024-09-04 20:00:00,ADA,Short,Exit Short (Green),0.62%,0.178%,101250.46,106886.86,-5.27%
2024-09-05 00:00:00,BNB,Short,🛑 SL,-0.50%,-0.144%,101104.71,106886.86,-5.41%
2024-09-06 00:00:00,BONK,Short,Exit Short (Green),-1.34%,-0.386%,100714.66,106886.86,-5.77%
2024-09-06 16:00:00,BNB,Short,💰 TP,5.05%,1.454%,102178.95,106886.86,-4.40%
2024-09-06 16:00:00,LTC,Short,🛑 SL,-0.53%,-0.153%,102023.03,106886.86,-4.55%
2024-09-06 16:00:00,ADA,Short,🛑 SL,-0.71%,-0.204%,101814.49,106886.86,-4.75%
2024-09-06 20:00:00,ALGO,Short,Exit Short (Green),-0.30%,-0.086%,101726.55,106886.86,-4.83%
2024-09-06 20:00:00,BONK,Short,Exit Short (Green),-1.28%,-0.369%,101351.68,106886.86,-5.18%
2024-09-06 20:00:00,DOGE,Short,Exit Short (Green),-0.77%,-0.222%,101127.0,106886.86,-5.39%
2024-09-08 16:00:00,LTC,Short,Exit Short (Green),0.77%,0.222%,101351.18,106886.86,-5.18%
2024-09-10 04:00:00,LTC,Short,Exit Short (Green),0.07%,0.020%,101371.6,106886.86,-5.16%
2024-09-11 00:00:00,ADA,Short,🛑 SL,-0.65%,-0.187%,101181.9,106886.86,-5.34%
2024-09-11 08:00:00,ADA,Short,🛑 SL,-0.65%,-0.187%,100992.56,106886.86,-5.51%
2024-09-11 12:00:00,ADA,Short,🛑 SL,-0.65%,-0.187%,100803.56,106886.86,-5.69%
2024-09-16 04:00:00,BONK,Short,Exit Short (Green),0.72%,0.207%,101012.52,106886.86,-5.50%
2024-09-16 04:00:00,SUI,Short,Exit Short (Green),2.67%,0.769%,101788.99,106886.86,-4.77%
2024-09-16 04:00:00,ADA,Short,Exit Short (Green),0.27%,0.078%,101868.12,106886.86,-4.70%
2024-09-17 20:00:00,BONK,Short,Exit Short (Green),1.14%,0.328%,102202.45,106886.86,-4.38%
2024-09-18 12:00:00,ALGO,Short,🛑 SL,-0.66%,-0.190%,102008.26,106886.86,-4.56%
2024-09-18 12:00:00,BONK,Short,🛑 SL,-1.45%,-0.417%,101582.42,106886.86,-4.96%
2024-09-22 20:00:00,BONK,Short,🛑 SL,-1.25%,-0.360%,101216.85,106886.86,-5.30%
2024-09-23 12:00:00,BONK,Short,Exit Short (Green),0.46%,0.132%,101350.89,106886.86,-5.18%
2024-10-01 00:00:00,BTC,Long,Exit Signal,-0.54%,-0.162%,101186.7,106886.86,-5.33%
2024-10-01 12:00:00,ALGO,Short,🛑 SL,-0.66%,-0.190%,100994.44,106886.86,-5.51%
2024-10-02 12:00:00,BNB,Short,🛑 SL,-0.46%,-0.132%,100860.68,106886.86,-5.64%
2024-10-02 12:00:00,DOGE,Short,🛑 SL,-0.72%,-0.207%,100651.61,106886.86,-5.83%
2024-10-02 16:00:00,ALGO,Short,🛑 SL,-0.64%,-0.184%,100466.16,106886.86,-6.01%
2024-10-02 16:00:00,ADA,Short,🛑 SL,-0.62%,-0.178%,100286.83,106886.86,-6.17%
2024-10-02 20:00:00,ADA,Short,🛑 SL,-0.63%,-0.181%,100104.93,106886.86,-6.34%
2024-10-02 20:00:00,SUI,Short,Exit Short (Green),0.39%,0.112%,100217.33,106886.86,-6.24%
2024-10-03 04:00:00,DOGE,Short,🛑 SL,-0.71%,-0.204%,100012.47,106886.86,-6.43%
2024-10-03 04:00:00,ALGO,Short,🛑 SL,-0.64%,-0.184%,99828.19,106886.86,-6.60%
2024-10-03 04:00:00,LTC,Short,🛑 SL,-0.52%,-0.150%,99678.74,106886.86,-6.74%
2024-10-03 08:00:00,LTC,Short,🛑 SL,-0.52%,-0.150%,99529.52,106886.86,-6.88%
2024-10-03 08:00:00,BNB,Short,🛑 SL,-0.46%,-0.132%,99397.71,106886.86,-7.01%
2024-10-03 08:00:00,DOGE,Short,🛑 SL,-0.71%,-0.204%,99194.53,106886.86,-7.20%
2024-10-03 12:00:00,ALGO,Short,🛑 SL,-0.64%,-0.184%,99011.76,106886.86,-7.37%
2024-10-03 12:00:00,DOGE,Short,🛑 SL,-0.71%,-0.204%,98809.37,106886.86,-7.56%
2024-10-03 16:00:00,ADA,Short,Exit Short (Green),0.00%,0.000%,98809.37,106886.86,-7.56%
2024-10-03 16:00:00,ALGO,Short,🛑 SL,-0.64%,-0.184%,98627.31,106886.86,-7.73%
2024-10-03 16:00:00,SUI,Short,Exit Short (Green),0.33%,0.095%,98721.01,106886.86,-7.64%
2024-10-08 08:00:00,ALGO,Short,Exit Short (Green),-0.27%,-0.078%,98644.27,106886.86,-7.71%
2024-10-08 16:00:00,SUI,Short,Exit Short (Green),0.23%,0.066%,98709.59,106886.86,-7.65%
2024-10-08 20:00:00,ADA,Short,Exit Short (Green),0.23%,0.066%,98774.95,106886.86,-7.59%
2024-10-09 08:00:00,SUI,Short,🛑 SL,-0.77%,-0.222%,98555.98,106886.86,-7.79%
2024-10-09 20:00:00,LTC,Short,🛑 SL,-0.50%,-0.144%,98414.11,106886.86,-7.93%
2024-10-10 00:00:00,SUI,Short,Exit Short (Green),1.95%,0.561%,98966.61,106886.86,-7.41%
2024-10-10 00:00:00,ALGO,Short,Exit Short (Green),3.40%,0.979%,99935.36,106886.86,-6.50%
2024-10-10 16:00:00,SUI,Short,🛑 SL,-0.80%,-0.230%,99705.19,106886.86,-6.72%
2024-10-10 16:00:00,BNB,Short,🛑 SL,-0.44%,-0.127%,99578.89,106886.86,-6.84%
2024-10-10 16:00:00,DOGE,Short,🛑 SL,-0.69%,-0.199%,99381.07,106886.86,-7.02%
2024-10-10 20:00:00,LTC,Short,Exit Short (Green),0.25%,0.072%,99452.6,106886.86,-6.96%
2024-10-14 00:00:00,BNB,Short,🛑 SL,-0.45%,-0.130%,99323.75,106886.86,-7.08%
2024-10-17 08:00:00,SUI,Short,🛑 SL,-0.70%,-0.202%,99123.59,106886.86,-7.26%
2024-10-17 08:00:00,ALGO,Short,🛑 SL,-0.60%,-0.173%,98952.36,106886.86,-7.42%
2024-10-17 12:00:00,ADA,Short,Exit Short (Green),-0.29%,-0.083%,98869.74,106886.86,-7.50%
2024-10-17 16:00:00,ALGO,Short,🛑 SL,-0.60%,-0.173%,98698.96,106886.86,-7.66%
2024-10-17 16:00:00,SUI,Short,🛑 SL,-0.70%,-0.202%,98500.05,106886.86,-7.85%
2024-10-17 20:00:00,SUI,Short,🛑 SL,-0.70%,-0.202%,98301.54,106886.86,-8.03%
2024-10-23 00:00:00,ALGO,Short,🛑 SL,-0.59%,-0.170%,98134.57,106886.86,-8.19%
2024-10-23 16:00:00,ALGO,Short,Exit Short (Green),0.86%,0.248%,98377.54,106886.86,-7.96%
2024-10-23 16:00:00,SUI,Short,🛑 SL,-0.68%,-0.196%,98184.95,106886.86,-8.14%
2024-10-23 20:00:00,SUI,Short,🛑 SL,-0.68%,-0.196%,97992.73,106886.86,-8.32%
2024-10-24 00:00:00,ALGO,Short,🛑 SL,-0.58%,-0.167%,97829.1,106886.86,-8.47%
2024-10-24 04:00:00,ADA,Short,🛑 SL,-0.58%,-0.167%,97665.74,106886.86,-8.63%
2024-10-24 08:00:00,SUI,Short,🛑 SL,-0.68%,-0.196%,97474.54,106886.86,-8.81%
2024-10-25 04:00:00,ADA,Short,🛑 SL,-0.57%,-0.164%,97314.58,106886.86,-8.96%
2024-10-25 04:00:00,SUI,Short,🛑 SL,-0.69%,-0.199%,97121.26,106886.86,-9.14%
2024-10-25 16:00:00,SUI,Short,💰 TP,6.89%,1.984%,99047.79,106886.86,-7.33%
2024-10-25 16:00:00,ALGO,Short,🛑 SL,-0.60%,-0.173%,98876.7,106886.86,-7.49%
2024-10-25 16:00:00,ADA,Short,🛑 SL,-0.57%,-0.164%,98714.44,106886.86,-7.65%
2024-10-25 20:00:00,BNB,Short,🛑 SL,-0.40%,-0.115%,98600.76,106886.86,-7.75%
2024-10-26 16:00:00,BONK,Short,Exit Short (Green),-0.38%,-0.109%,98492.88,106886.86,-7.85%
2024-10-31 16:00:00,BONK,Short,🛑 SL,-1.00%,-0.288%,98209.32,106886.86,-8.12%
2024-10-31 20:00:00,ALGO,Short,🛑 SL,-0.61%,-0.176%,98036.85,106886.86,-8.28%
2024-11-01 04:00:00,ALGO,Short,🛑 SL,-0.61%,-0.176%,97864.68,106886.86,-8.44%
2024-11-01 08:00:00,BONK,Short,Exit Short (Green),0.35%,0.101%,97963.29,106886.86,-8.35%
2024-11-01 12:00:00,ALGO,Short,🛑 SL,-0.61%,-0.176%,97791.25,106886.86,-8.51%
2024-11-02 12:00:00,BNB,Short,🛑 SL,-0.40%,-0.115%,97678.63,106886.86,-8.61%
2024-11-02 16:00:00,SUI,Short,🛑 SL,-0.72%,-0.207%,97476.16,106886.86,-8.80%
2024-11-03 00:00:00,LTC,Short,🛑 SL,-0.44%,-0.127%,97352.68,106886.86,-8.92%
2024-11-03 00:00:00,ALGO,Short,🛑 SL,-0.61%,-0.176%,97181.71,106886.86,-9.08%
2024-11-03 03:00:00,BNB,Short,Exit Short (Green),0.37%,0.107%,97285.23,106886.86,-8.98%
2024-11-03 07:00:00,SUI,Short,💰 TP,7.11%,2.047%,99276.63,106886.86,-7.12%
2024-11-03 15:00:00,ADA,Short,Exit Short (Green),0.06%,0.017%,99293.78,106886.86,-7.10%
2024-11-03 15:00:00,LTC,Short,Exit Short (Green),1.61%,0.464%,99754.02,106886.86,-6.67%
2024-11-04 11:00:00,ADA,Short,🛑 SL,-0.57%,-0.164%,99590.32,106886.86,-6.83%
2024-11-04 15:00:00,BNB,Short,🛑 SL,-0.41%,-0.118%,99472.77,106886.86,-6.94%
2024-11-04 15:00:00,SUI,Short,🛑 SL,-0.78%,-0.225%,99249.39,106886.86,-7.15%
2024-11-04 19:00:00,LTC,Short,🛑 SL,-0.47%,-0.135%,99115.09,106886.86,-7.27%
2024-11-04 19:00:00,ADA,Short,🛑 SL,-0.57%,-0.164%,98952.44,106886.86,-7.42%
2024-11-05 07:00:00,LTC,Short,🛑 SL,-0.47%,-0.135%,98818.55,106886.86,-7.55%
2024-12-05 00:00:00,BTC,Long,Exit Signal,44.30%,13.290%,111951.53,111951.53,-0.00%
2024-12-10 11:00:00,BONK,Short,🛑 SL,-1.07%,-0.308%,111606.66,111951.53,-0.31%
2024-12-14 19:00:00,BONK,Short,Exit Short (Green),1.11%,0.320%,111963.32,111963.32,-0.00%
2024-12-18 07:00:00,BONK,Short,Exit Short (Green),0.47%,0.135%,112114.82,112114.82,-0.00%
2024-12-19 00:00:00,BTC,Long,Stop Loss,-7.50%,-2.250%,109592.24,112114.82,-2.25%
2024-12-20 07:00:00,BNB,Short,🛑 SL,-0.42%,-0.121%,109459.72,112114.82,-2.37%
2024-12-26 15:00:00,ADA,Short,🛑 SL,-0.70%,-0.202%,109239.13,112114.82,-2.56%
2024-12-26 19:00:00,ADA,Short,🛑 SL,-0.71%,-0.204%,109015.83,112114.82,-2.76%
2024-12-27 03:00:00,ADA,Short,🛑 SL,-0.71%,-0.204%,108792.99,112114.82,-2.96%
2024-12-29 15:00:00,ADA,Short,🛑 SL,-0.72%,-0.207%,108567.48,112114.82,-3.16%
2024-12-29 19:00:00,LTC,Short,🛑 SL,-0.70%,-0.202%,108348.68,112114.82,-3.36%
2024-12-29 19:00:00,SUI,Short,🛑 SL,-0.87%,-0.250%,108077.3,112114.82,-3.60%
2024-12-29 19:00:00,ALGO,Short,🛑 SL,-0.86%,-0.248%,107809.71,112114.82,-3.84%
2024-12-29 19:00:00,BONK,Short,🛑 SL,-1.35%,-0.389%,107390.69,112114.82,-4.21%
2024-12-29 23:00:00,ALGO,Short,🛑 SL,-0.87%,-0.250%,107121.7,112114.82,-4.45%
2024-12-30 11:00:00,LTC,Short,🛑 SL,-0.70%,-0.202%,106905.82,112114.82,-4.65%
2024-12-30 11:00:00,ADA,Short,🛑 SL,-0.73%,-0.210%,106681.14,112114.82,-4.85%
2024-12-30 11:00:00,DOGE,Short,🛑 SL,-0.86%,-0.248%,106417.0,112114.82,-5.08%
2024-12-30 11:00:00,BONK,Short,🛑 SL,-1.35%,-0.389%,106003.4,112114.82,-5.45%
2024-12-30 11:00:00,ALGO,Short,🛑 SL,-0.87%,-0.250%,105737.89,112114.82,-5.69%
2024-12-30 15:00:00,SUI,Short,Exit Short (Green),0.20%,0.058%,105798.77,112114.82,-5.63%
2024-12-30 15:00:00,ADA,Short,🛑 SL,-0.73%,-0.210%,105576.42,112114.82,-5.83%
2024-12-31 03:00:00,ALGO,Short,🛑 SL,-0.87%,-0.250%,105311.98,112114.82,-6.07%
2024-12-31 03:00:00,BONK,Short,Exit Short (Green),2.47%,0.711%,106060.86,112114.82,-5.40%
2024-12-31 03:00:00,ADA,Short,🛑 SL,-0.74%,-0.213%,105834.91,112114.82,-5.60%
2025-01-01 03:00:00,BONK,Short,Exit Short (Green),3.60%,1.036%,106931.82,112114.82,-4.62%
2025-01-01 07:00:00,SUI,Short,🛑 SL,-0.91%,-0.262%,106651.67,112114.82,-4.87%
2025-01-01 19:00:00,BONK,Short,🛑 SL,-1.42%,-0.409%,106215.66,112114.82,-5.26%
2025-01-07 23:00:00,BONK,Short,💰 TP,12.63%,3.636%,110077.85,112114.82,-1.82%
2025-01-08 11:00:00,SUI,Short,🛑 SL,-0.87%,-0.250%,109802.13,112114.82,-2.06%
2025-01-08 11:00:00,LTC,Short,🛑 SL,-0.72%,-0.207%,109574.53,112114.82,-2.27%
2025-01-09 03:00:00,SUI,Short,🛑 SL,-0.87%,-0.250%,109300.07,112114.82,-2.51%
2025-01-09 07:00:00,ALGO,Short,🛑 SL,-0.93%,-0.268%,109007.43,112114.82,-2.77%
2025-01-09 07:00:00,DOGE,Short,🛑 SL,-0.87%,-0.250%,108734.39,112114.82,-3.02%
2025-01-09 07:00:00,BONK,Short,🛑 SL,-1.58%,-0.455%,108239.78,112114.82,-3.46%
2025-01-09 07:00:00,SUI,Short,🛑 SL,-0.89%,-0.256%,107962.43,112114.82,-3.70%
2025-01-09 15:00:00,ALGO,Short,🛑 SL,-0.93%,-0.268%,107673.37,112114.82,-3.96%
2025-01-09 19:00:00,SUI,Short,Exit Short (Green),1.20%,0.345%,108045.36,112114.82,-3.63%
2025-01-09 19:00:00,ALGO,Short,🛑 SL,-0.93%,-0.268%,107756.07,112114.82,-3.89%
2025-01-09 19:00:00,BONK,Short,Exit Short (Green),0.22%,0.063%,107824.32,112114.82,-3.83%
2025-01-09 19:00:00,DOGE,Short,Exit Short (Green),1.06%,0.305%,108153.37,112114.82,-3.53%
2025-01-10 07:00:00,DOGE,Short,🛑 SL,-0.88%,-0.253%,107879.36,112114.82,-3.78%
2025-01-10 11:00:00,BONK,Short,🛑 SL,-1.58%,-0.455%,107388.64,112114.82,-4.22%
2025-01-10 11:00:00,SUI,Short,🛑 SL,-0.88%,-0.253%,107116.57,112114.82,-4.46%
2025-01-11 03:00:00,SUI,Short,🛑 SL,-0.91%,-0.262%,106835.94,112114.82,-4.71%
2025-01-11 15:00:00,SUI,Short,🛑 SL,-0.91%,-0.262%,106556.04,112114.82,-4.96%
2025-01-12 07:00:00,SUI,Short,🛑 SL,-0.91%,-0.262%,106276.87,112114.82,-5.21%
2025-01-12 19:00:00,LTC,Short,🛑 SL,-0.71%,-0.204%,106059.63,112114.82,-5.40%
2025-01-12 19:00:00,SUI,Short,🛑 SL,-0.91%,-0.262%,105781.77,112114.82,-5.65%
2025-01-13 07:00:00,BNB,Short,🛑 SL,-0.44%,-0.127%,105647.77,112114.82,-5.77%
2025-01-13 07:00:00,ADA,Short,🛑 SL,-0.78%,-0.225%,105410.52,112114.82,-5.98%
2025-01-13 07:00:00,DOGE,Short,🛑 SL,-0.92%,-0.265%,105131.32,112114.82,-6.23%
2025-01-13 07:00:00,ALGO,Short,🛑 SL,-0.97%,-0.279%,104837.73,112114.82,-6.49%
2025-01-13 11:00:00,BONK,Short,Exit Short (Green),4.29%,1.235%,106132.57,112114.82,-5.34%
2025-01-13 15:00:00,ADA,Short,🛑 SL,-0.78%,-0.225%,105894.24,112114.82,-5.55%
2025-01-13 15:00:00,BNB,Short,🛑 SL,-0.44%,-0.127%,105760.1,112114.82,-5.67%
2025-01-13 15:00:00,ALGO,Short,🛑 SL,-0.97%,-0.279%,105464.75,112114.82,-5.93%
2025-01-19 07:00:00,SUI,Short,🛑 SL,-0.92%,-0.265%,105185.41,112114.82,-6.18%
2025-01-19 19:00:00,SUI,Short,💰 TP,9.22%,2.654%,107977.49,112114.82,-3.69%
2025-01-20 15:00:00,BONK,Short,🛑 SL,-1.43%,-0.412%,107532.95,112114.82,-4.09%
2025-01-21 03:00:00,ADA,Short,🛑 SL,-0.83%,-0.239%,107275.99,112114.82,-4.32%
2025-01-21 03:00:00,DOGE,Short,🛑 SL,-0.92%,-0.265%,106991.85,112114.82,-4.57%
2025-01-24 19:00:00,BNB,Short,🛑 SL,-0.45%,-0.130%,106853.24,112114.82,-4.69%
2025-01-24 23:00:00,BONK,Short,Exit Short (Green),-0.40%,-0.115%,106730.18,112114.82,-4.80%
2025-01-25 11:00:00,BONK,Short,Exit Short (Green),-0.80%,-0.230%,106484.36,112114.82,-5.02%
2025-01-26 07:00:00,BONK,Short,🛑 SL,-1.56%,-0.449%,106006.12,112114.82,-5.45%
2025-01-26 15:00:00,BONK,Short,Exit Short (Green),-1.21%,-0.348%,105636.83,112114.82,-5.78%
2025-01-26 23:00:00,BNB,Short,💰 TP,4.47%,1.287%,106996.29,112114.82,-4.57%
2025-01-26 23:00:00,SUI,Short,💰 TP,10.41%,2.997%,110203.01,112114.82,-1.71%
2025-01-26 23:00:00,DOGE,Short,💰 TP,9.45%,2.721%,113201.25,113201.25,-0.00%
2025-01-26 23:00:00,ADA,Short,💰 TP,8.40%,2.418%,115938.87,115938.87,-0.00%
2025-01-27 00:00:00,BTC,Long,Exit Signal,-1.67%,-0.501%,115358.01,115938.87,-0.50%
2025-01-27 15:00:00,LTC,Short,🛑 SL,-0.78%,-0.225%,115098.96,115938.87,-0.72%
2025-01-28 19:00:00,BONK,Short,🛑 SL,-1.85%,-0.533%,114485.93,115938.87,-1.25%
2025-01-28 23:00:00,SUI,Short,Exit Short (Green),-0.10%,-0.029%,114452.97,115938.87,-1.28%
2025-01-28 23:00:00,BONK,Short,🛑 SL,-1.89%,-0.544%,113830.19,115938.87,-1.82%
2025-01-29 11:00:00,ALGO,Short,🛑 SL,-1.09%,-0.314%,113472.98,115938.87,-2.13%
2025-01-29 11:00:00,ADA,Short,🛑 SL,-0.92%,-0.265%,113172.43,115938.87,-2.39%
2025-01-29 11:00:00,BONK,Short,🛑 SL,-1.89%,-0.544%,112556.62,115938.87,-2.92%
2025-01-29 11:00:00,SUI,Short,🛑 SL,-1.20%,-0.345%,112167.76,115938.87,-3.25%
2025-01-29 11:00:00,BNB,Short,🛑 SL,-0.47%,-0.135%,112015.98,115938.87,-3.38%
2025-01-31 19:00:00,BONK,Short,🛑 SL,-1.88%,-0.541%,111409.7,115938.87,-3.91%
2025-02-01 11:00:00,SUI,Short,🛑 SL,-1.18%,-0.340%,111031.21,115938.87,-4.23%
2025-02-01 19:00:00,ADA,Short,🛑 SL,-0.93%,-0.268%,110733.93,115938.87,-4.49%
2025-02-02 03:00:00,ALGO,Short,Exit Short (Green),4.09%,1.178%,112037.83,115938.87,-3.36%
2025-02-02 03:00:00,BNB,Short,Exit Short (Green),2.99%,0.861%,113002.28,115938.87,-2.53%
2025-02-02 03:00:00,BONK,Short,Exit Short (Green),8.91%,2.565%,115901.0,115938.87,-0.03%
2025-02-02 03:00:00,DOGE,Short,Exit Short (Green),5.23%,1.506%,117646.14,117646.14,-0.00%
2025-02-02 11:00:00,LTC,Short,🛑 SL,-0.81%,-0.233%,117371.79,117646.14,-0.23%
2025-02-05 11:00:00,DOGE,Short,🛑 SL,-1.38%,-0.397%,116905.47,117646.14,-0.63%
2025-02-05 15:00:00,BONK,Short,🛑 SL,-2.67%,-0.769%,116006.83,117646.14,-1.39%
2025-02-05 19:00:00,ALGO,Short,🛑 SL,-1.51%,-0.435%,115502.51,117646.14,-1.82%
2025-02-05 19:00:00,DOGE,Short,🛑 SL,-1.38%,-0.397%,115043.62,117646.14,-2.21%
2025-02-06 19:00:00,SUI,Short,Exit Short (Green),1.58%,0.455%,115566.93,117646.14,-1.77%
2025-02-06 19:00:00,ALGO,Short,Exit Short (Green),4.21%,1.212%,116967.67,117646.14,-0.58%
2025-02-06 19:00:00,DOGE,Short,Exit Short (Green),2.89%,0.832%,117940.88,117940.88,-0.00%
2025-02-06 19:00:00,BONK,Short,Exit Short (Green),4.99%,1.437%,119635.24,119635.24,-0.00%
2025-02-07 07:00:00,SUI,Short,🛑 SL,-1.68%,-0.484%,119056.6,119635.24,-0.48%
2025-02-07 15:00:00,DOGE,Short,🛑 SL,-1.45%,-0.417%,118559.59,119635.24,-0.90%
2025-02-07 15:00:00,ALGO,Short,🛑 SL,-1.61%,-0.464%,118010.04,119635.24,-1.36%
2025-02-07 15:00:00,ADA,Short,🛑 SL,-1.29%,-0.371%,117571.77,119635.24,-1.72%
2025-02-07 19:00:00,BONK,Short,🛑 SL,-2.85%,-0.821%,116607.07,119635.24,-2.53%
2025-02-07 23:00:00,SUI,Short,Exit Short (Green),4.04%,1.163%,117963.35,119635.24,-1.40%
2025-02-08 15:00:00,ADA,Short,Exit Short (Green),-0.19%,-0.055%,117898.82,119635.24,-1.45%
2025-02-08 19:00:00,ADA,Short,🛑 SL,-1.30%,-0.374%,117457.56,119635.24,-1.82%
2025-02-09 15:00:00,ALGO,Short,🛑 SL,-1.64%,-0.472%,116902.98,119635.24,-2.28%
2025-02-09 23:00:00,ADA,Short,Exit Short (Green),1.54%,0.443%,117421.29,119635.24,-1.85%
2025-02-12 07:00:00,DOGE,Short,🛑 SL,-1.42%,-0.409%,116941.25,119635.24,-2.25%
2025-02-12 07:00:00,SUI,Short,🛑 SL,-1.66%,-0.478%,116382.37,119635.24,-2.72%
2025-02-15 19:00:00,SUI,Short,Exit Short (Green),-0.18%,-0.052%,116322.06,119635.24,-2.77%
2025-02-16 07:00:00,ALGO,Short,Exit Short (Green),0.33%,0.095%,116432.57,119635.24,-2.68%
2025-02-16 11:00:00,SUI,Short,🛑 SL,-1.59%,-0.458%,115899.59,119635.24,-3.12%
2025-02-17 03:00:00,SUI,Short,🛑 SL,-1.60%,-0.461%,115365.71,119635.24,-3.57%
2025-02-17 07:00:00,BONK,Short,Exit Short (Green),-0.41%,-0.118%,115229.53,119635.24,-3.68%
2025-02-18 07:00:00,DOGE,Short,Exit Short (Green),0.87%,0.250%,115518.15,119635.24,-3.44%
2025-02-18 07:00:00,SUI,Short,🛑 SL,-1.62%,-0.466%,114979.38,119635.24,-3.89%
2025-02-18 19:00:00,ADA,Short,Exit Short (Green),1.03%,0.297%,115320.33,119635.24,-3.61%
2025-02-19 03:00:00,ADA,Short,🛑 SL,-1.21%,-0.348%,114918.6,119635.24,-3.94%
2025-02-19 03:00:00,BNB,Short,🛑 SL,-0.54%,-0.155%,114739.94,119635.24,-4.09%
2025-02-19 07:00:00,SUI,Short,Exit Short (Green),-0.77%,-0.222%,114485.58,119635.24,-4.30%
2025-02-19 07:00:00,DOGE,Short,Exit Short (Green),-0.72%,-0.207%,114248.27,119635.24,-4.50%
2025-02-19 15:00:00,ADA,Short,Exit Short (Green),0.27%,0.078%,114337.08,119635.24,-4.43%
2025-02-21 07:00:00,DOGE,Short,🛑 SL,-1.30%,-0.374%,113909.15,119635.24,-4.79%
2025-02-21 19:00:00,BNB,Short,🛑 SL,-0.53%,-0.153%,113735.34,119635.24,-4.93%
2025-02-21 23:00:00,DOGE,Short,Exit Short (Green),3.24%,0.933%,114796.26,119635.24,-4.04%
2025-02-23 15:00:00,ALGO,Short,Exit Short (Green),-0.89%,-0.256%,114502.11,119635.24,-4.29%
2025-02-24 03:00:00,DOGE,Short,Exit Short (Green),0.49%,0.141%,114663.64,119635.24,-4.16%
2025-02-24 03:00:00,ADA,Short,Exit Short (Green),0.69%,0.199%,114891.42,119635.24,-3.97%
2025-02-24 03:00:00,ALGO,Short,Exit Short (Green),1.17%,0.337%,115278.43,119635.24,-3.64%
2025-02-24 03:00:00,BONK,Short,Exit Short (Green),1.57%,0.452%,115799.49,119635.24,-3.21%
2025-02-24 11:00:00,BNB,Short,🛑 SL,-0.54%,-0.155%,115619.46,119635.24,-3.36%
2025-02-24 23:00:00,SUI,Short,💰 TP,16.09%,4.632%,120975.31,120975.31,-0.00%
2025-02-27 15:00:00,ADA,Short,🛑 SL,-1.42%,-0.409%,120480.74,120975.31,-0.41%
2025-02-28 03:00:00,BONK,Short,Exit Short (Green),4.60%,1.324%,122076.32,122076.32,-0.00%
2025-02-28 07:00:00,ALGO,Short,Exit Short (Green),1.92%,0.553%,122751.12,122751.12,-0.00%
2025-02-28 07:00:00,DOGE,Short,Exit Short (Green),5.20%,1.497%,124588.8,124588.8,-0.00%
2025-02-28 07:00:00,BNB,Short,Exit Short (Green),3.82%,1.100%,125959.0,125959.0,-0.00%
2025-02-28 07:00:00,ADA,Short,Exit Short (Green),5.06%,1.457%,127793.94,127793.94,-0.00%
2025-02-28 07:00:00,SUI,Short,Exit Short (Green),2.34%,0.674%,128654.87,128654.87,-0.00%
2025-02-28 11:00:00,DOGE,Short,🛑 SL,-1.56%,-0.449%,128077.05,128654.87,-0.45%
2025-02-28 19:00:00,ADA,Short,🛑 SL,-1.42%,-0.409%,127553.45,128654.87,-0.86%
2025-03-02 07:00:00,BONK,Short,🛑 SL,-2.75%,-0.792%,126543.57,128654.87,-1.64%
2025-03-03 11:00:00,LTC,Short,🛑 SL,-0.96%,-0.276%,126193.83,128654.87,-1.91%
2025-03-03 19:00:00,SUI,Short,Exit Short (Green),4.25%,1.224%,127737.9,128654.87,-0.71%
2025-03-03 19:00:00,DOGE,Short,Exit Short (Green),1.26%,0.363%,128201.28,128654.87,-0.35%
2025-03-03 23:00:00,BNB,Short,🛑 SL,-0.62%,-0.178%,127972.44,128654.87,-0.53%
2025-03-04 03:00:00,ALGO,Short,Exit Short (Green),2.76%,0.795%,128989.32,128989.32,-0.00%
2025-03-04 07:00:00,BONK,Short,Exit Short (Green),9.34%,2.689%,132457.82,132457.82,-0.00%
2025-03-04 11:00:00,BNB,Short,🛑 SL,-0.62%,-0.178%,132221.39,132457.82,-0.18%
2025-03-06 23:00:00,BONK,Short,🛑 SL,-2.89%,-0.832%,131121.26,132457.82,-1.01%
2025-03-06 23:00:00,LTC,Short,🛑 SL,-1.10%,-0.317%,130706.02,132457.82,-1.32%
2025-03-08 07:00:00,SUI,Short,🛑 SL,-1.73%,-0.498%,130055.01,132457.82,-1.81%
2025-03-08 11:00:00,ALGO,Short,Exit Short (Green),0.03%,0.009%,130066.24,132457.82,-1.81%
2025-03-09 04:00:00,DOGE,Short,Exit Short (Green),-0.64%,-0.184%,129826.59,132457.82,-1.99%
2025-03-09 12:00:00,BNB,Short,💰 TP,5.79%,1.667%,131990.72,132457.82,-0.35%
2025-03-10 00:00:00,ALGO,Short,Exit Short (Green),9.50%,2.735%,135600.73,135600.73,-0.00%
2025-03-10 00:00:00,SUI,Short,Exit Short (Green),7.28%,2.096%,138442.81,138442.81,-0.00%
2025-03-10 00:00:00,ADA,Short,Exit Short (Green),6.62%,1.906%,141081.39,141081.39,-0.00%
2025-03-10 00:00:00,BONK,Short,Exit Short (Green),10.18%,2.931%,145216.23,145216.23,-0.00%
2025-03-10 00:00:00,LTC,Short,Exit Short (Green),1.82%,0.524%,145977.13,145977.13,-0.00%
2025-03-10 20:00:00,LTC,Short,💰 TP,11.42%,3.288%,150776.59,150776.59,-0.00%
2025-03-11 04:00:00,BONK,Short,Exit Short (Green),1.20%,0.345%,151297.5,151297.5,-0.00%
2025-03-11 12:00:00,BONK,Short,Exit Short (Green),-2.01%,-0.579%,150421.97,151297.5,-0.58%
2025-03-13 16:00:00,LTC,Short,🛑 SL,-1.25%,-0.360%,149880.64,151297.5,-0.94%
2025-03-16 12:00:00,ALGO,Short,🛑 SL,-1.97%,-0.567%,149030.57,151297.5,-1.50%
2025-03-17 04:00:00,ALGO,Short,Exit Short (Green),-1.47%,-0.423%,148399.85,151297.5,-1.92%
2025-03-17 12:00:00,ALGO,Short,🛑 SL,-1.94%,-0.559%,147571.0,151297.5,-2.46%
2025-03-18 04:00:00,DOGE,Short,Exit Short (Green),-1.27%,-0.366%,147031.43,151297.5,-2.82%
2025-03-18 04:00:00,ALGO,Short,Exit Short (Green),-1.60%,-0.461%,146354.15,151297.5,-3.27%
2025-03-18 16:00:00,DOGE,Short,Exit Short (Green),-0.36%,-0.104%,146202.46,151297.5,-3.37%
2025-03-18 16:00:00,ADA,Short,Exit Short (Green),-0.13%,-0.037%,146147.74,151297.5,-3.40%
2025-03-18 16:00:00,BONK,Short,Exit Short (Green),-2.54%,-0.731%,145079.01,151297.5,-4.11%
2025-03-18 16:00:00,LTC,Short,Exit Short (Green),-0.24%,-0.069%,144978.77,151297.5,-4.18%
2025-03-22 12:00:00,ADA,Short,🛑 SL,-1.21%,-0.348%,144473.72,151297.5,-4.51%
2025-03-22 20:00:00,ADA,Short,🛑 SL,-1.21%,-0.348%,143970.44,151297.5,-4.84%
2025-03-23 16:00:00,ALGO,Short,🛑 SL,-1.75%,-0.504%,143245.08,151297.5,-5.32%
2025-03-23 16:00:00,ADA,Short,🛑 SL,-1.20%,-0.345%,142750.19,151297.5,-5.65%
2025-03-26 16:00:00,ADA,Short,🛑 SL,-1.15%,-0.331%,142277.57,151297.5,-5.96%
2025-03-26 16:00:00,LTC,Short,🛑 SL,-1.07%,-0.308%,141839.28,151297.5,-6.25%
2025-03-27 08:00:00,SUI,Short,🛑 SL,-1.36%,-0.392%,141283.92,151297.5,-6.62%
2025-03-28 08:00:00,ADA,Short,Exit Short (Green),2.21%,0.636%,142182.85,151297.5,-6.02%
2025-03-28 08:00:00,ALGO,Short,Exit Short (Green),0.11%,0.032%,142227.87,151297.5,-5.99%
2025-03-28 16:00:00,BONK,Short,🛑 SL,-2.25%,-0.648%,141306.56,151297.5,-6.60%
2025-03-28 20:00:00,LTC,Short,Exit Short (Green),3.89%,1.120%,142889.09,151297.5,-5.56%
2025-03-28 20:00:00,SUI,Short,Exit Short (Green),7.95%,2.289%,146159.55,151297.5,-3.40%
2025-03-29 12:00:00,DOGE,Short,🛑 SL,-1.43%,-0.412%,145557.81,151297.5,-3.79%
2025-03-30 12:00:00,ADA,Short,🛑 SL,-1.22%,-0.351%,145046.56,151297.5,-4.13%
2025-03-30 16:00:00,SUI,Short,🛑 SL,-1.51%,-0.435%,144416.0,151297.5,-4.55%
2025-03-30 16:00:00,BNB,Short,🛑 SL,-0.52%,-0.150%,144199.8,151297.5,-4.69%
2025-03-31 00:00:00,BNB,Short,🛑 SL,-0.51%,-0.147%,143988.07,151297.5,-4.83%
2025-03-31 00:00:00,BONK,Short,🛑 SL,-2.18%,-0.628%,143084.37,151297.5,-5.43%
2025-03-31 08:00:00,ALGO,Short,Exit Short (Green),1.83%,0.527%,143838.22,151297.5,-4.93%
2025-03-31 08:00:00,DOGE,Short,🛑 SL,-1.41%,-0.406%,143254.32,151297.5,-5.32%
2025-03-31 08:00:00,BONK,Short,🛑 SL,-2.18%,-0.628%,142355.23,151297.5,-5.91%
2025-03-31 08:00:00,SUI,Short,Exit Short (Green),0.32%,0.092%,142486.38,151297.5,-5.82%
2025-03-31 12:00:00,ADA,Short,Exit Short (Green),0.31%,0.089%,142613.54,151297.5,-5.74%
2025-03-31 12:00:00,LTC,Short,Exit Short (Green),1.11%,0.320%,143069.29,151297.5,-5.44%
2025-03-31 16:00:00,BONK,Short,🛑 SL,-2.18%,-0.628%,142171.36,151297.5,-6.03%
2025-03-31 20:00:00,DOGE,Short,Exit Short (Green),-0.49%,-0.141%,141970.8,151297.5,-6.16%
2025-03-31 20:00:00,ADA,Short,🛑 SL,-1.19%,-0.343%,141484.4,151297.5,-6.49%
2025-04-02 16:00:00,BNB,Short,🛑 SL,-0.51%,-0.147%,141276.66,151297.5,-6.62%
2025-04-03 00:00:00,SUI,Short,Exit Short (Green),1.17%,0.337%,141752.54,151297.5,-6.31%
2025-04-03 08:00:00,LTC,Short,🛑 SL,-1.13%,-0.325%,141291.38,151297.5,-6.61%
2025-04-03 12:00:00,BONK,Short,🛑 SL,-2.23%,-0.642%,140384.27,151297.5,-7.21%
2025-04-03 12:00:00,ALGO,Short,🛑 SL,-1.71%,-0.492%,139693.14,151297.5,-7.67%
2025-04-03 12:00:00,ADA,Short,🛑 SL,-1.24%,-0.357%,139194.45,151297.5,-8.00%
2025-04-03 16:00:00,BONK,Short,🛑 SL,-2.23%,-0.642%,138300.79,151297.5,-8.59%
2025-04-03 16:00:00,DOGE,Short,Exit Short (Green),0.85%,0.245%,138639.24,151297.5,-8.37%
2025-04-03 16:00:00,BNB,Short,Exit Short (Green),-0.20%,-0.058%,138559.41,151297.5,-8.42%
2025-04-03 20:00:00,DOGE,Short,🛑 SL,-1.39%,-0.400%,138004.92,151297.5,-8.79%
2025-04-04 00:00:00,BONK,Short,🛑 SL,-2.14%,-0.616%,137154.66,151297.5,-9.35%
2025-04-06 12:00:00,BNB,Short,💰 TP,5.04%,1.451%,139144.8,151297.5,-8.03%
2025-04-06 16:00:00,LTC,Short,💰 TP,11.18%,3.219%,143623.48,151297.5,-5.07%
2025-04-07 00:00:00,SUI,Short,💰 TP,15.25%,4.390%,149929.24,151297.5,-0.90%
2025-04-07 00:00:00,DOGE,Short,💰 TP,14.12%,4.065%,156024.08,156024.08,-0.00%
2025-04-07 00:00:00,ADA,Short,💰 TP,12.60%,3.628%,161683.92,161683.92,-0.00%
2025-04-07 08:00:00,ALGO,Short,Exit Short (Green),7.21%,2.076%,165040.09,165040.09,-0.00%
2025-04-07 08:00:00,BONK,Short,Exit Short (Green),7.69%,2.214%,168693.99,168693.99,-0.00%
2025-04-14 12:00:00,ADA,Short,🛑 SL,-1.22%,-0.351%,168101.48,168693.99,-0.35%
2025-04-15 00:00:00,DOGE,Short,Exit Short (Green),0.09%,0.026%,168145.03,168693.99,-0.33%
2025-04-15 20:00:00,ALGO,Short,🛑 SL,-1.52%,-0.438%,167409.22,168693.99,-0.76%
2025-04-15 20:00:00,LTC,Short,Exit Short (Green),0.50%,0.144%,167650.2,168693.99,-0.62%
2025-04-15 20:00:00,BNB,Short,🛑 SL,-0.52%,-0.150%,167399.22,168693.99,-0.77%
2025-04-16 00:00:00,ADA,Short,Exit Short (Green),2.61%,0.751%,168657.09,168693.99,-0.02%
2025-04-16 04:00:00,ALGO,Short,🛑 SL,-1.52%,-0.438%,167919.03,168693.99,-0.46%
2025-04-16 04:00:00,SUI,Short,🛑 SL,-1.54%,-0.443%,167174.53,168693.99,-0.90%
2025-04-16 08:00:00,BNB,Short,Exit Short (Green),-0.31%,-0.089%,167025.33,168693.99,-0.99%
2025-04-16 08:00:00,SUI,Short,🛑 SL,-1.54%,-0.443%,166284.8,168693.99,-1.43%
2025-04-16 12:00:00,SUI,Short,🛑 SL,-1.54%,-0.443%,165547.55,168693.99,-1.87%
2025-04-16 12:00:00,ALGO,Short,Exit Short (Green),-0.87%,-0.250%,165132.89,168693.99,-2.11%
2025-04-16 12:00:00,BNB,Short,🛑 SL,-0.52%,-0.150%,164885.68,168693.99,-2.26%
2025-04-16 16:00:00,LTC,Short,Exit Short (Green),0.48%,0.138%,165113.54,168693.99,-2.12%
2025-04-16 20:00:00,ALGO,Short,🛑 SL,-1.51%,-0.435%,164395.74,168693.99,-2.55%
2025-04-17 08:00:00,BONK,Short,🛑 SL,-1.84%,-0.530%,163524.88,168693.99,-3.06%
2025-04-20 08:00:00,DOGE,Short,🛑 SL,-1.32%,-0.380%,162903.44,168693.99,-3.43%
2025-04-20 16:00:00,BNB,Short,Exit Short (Green),-0.38%,-0.109%,162725.22,168693.99,-3.54%
2025-04-30 16:00:00,BNB,Short,Exit Short (Green),-0.24%,-0.069%,162612.78,168693.99,-3.60%
2025-05-05 00:00:00,BNB,Short,Exit Short (Green),1.17%,0.337%,163160.53,168693.99,-3.28%
2025-05-05 16:00:00,DOGE,Short,🛑 SL,-0.99%,-0.285%,162695.49,168693.99,-3.56%
2025-05-06 00:00:00,DOGE,Short,🛑 SL,-0.98%,-0.282%,162236.46,168693.99,-3.83%
2025-05-06 12:00:00,ALGO,Short,Exit Short (Green),0.40%,0.115%,162423.29,168693.99,-3.72%
2025-05-06 12:00:00,DOGE,Short,Exit Short (Green),0.99%,0.285%,162886.23,168693.99,-3.44%
2025-05-06 16:00:00,ALGO,Short,🛑 SL,-1.09%,-0.314%,162375.07,168693.99,-3.75%
2025-05-06 16:00:00,DOGE,Short,🛑 SL,-0.98%,-0.282%,161916.94,168693.99,-4.02%
2025-05-19 00:00:00,ALGO,Short,🛑 SL,-0.86%,-0.248%,161516.05,168693.99,-4.26%
2025-05-19 08:00:00,ALGO,Short,🛑 SL,-0.86%,-0.248%,161116.14,168693.99,-4.49%
2025-05-25 16:00:00,ALGO,Short,Exit Short (Green),0.19%,0.055%,161204.28,168693.99,-4.44%
2025-05-28 12:00:00,ALGO,Short,🛑 SL,-0.81%,-0.233%,160828.35,168693.99,-4.66%
2025-05-29 12:00:00,ALGO,Short,🛑 SL,-0.81%,-0.233%,160453.3,168693.99,-4.88%
2025-05-30 00:00:00,BTC,Long,Exit Signal,17.56%,5.268%,168905.98,168905.98,-0.00%
2025-05-30 08:00:00,ADA,Short,Exit Short (Green),3.25%,0.936%,170486.39,170486.39,-0.00%
2025-05-30 12:00:00,LTC,Short,💰 TP,6.94%,1.998%,173892.75,173892.75,-0.00%
2025-06-01 04:00:00,ADA,Short,🛑 SL,-0.91%,-0.262%,173437.17,173892.75,-0.26%
2025-06-04 08:00:00,BONK,Short,🛑 SL,-1.11%,-0.320%,172882.92,173892.75,-0.58%
2025-06-04 20:00:00,ALGO,Short,🛑 SL,-0.89%,-0.256%,172439.94,173892.75,-0.84%
2025-06-04 20:00:00,DOGE,Short,🛑 SL,-0.80%,-0.230%,172042.78,173892.75,-1.06%
2025-06-05 00:00:00,LTC,Short,Exit Short (Green),0.35%,0.101%,172216.14,173892.75,-0.96%
2025-06-05 00:00:00,BONK,Short,Exit Short (Green),3.07%,0.884%,173738.27,173892.75,-0.09%
2025-06-05 00:00:00,ADA,Short,Exit Short (Green),-0.21%,-0.060%,173633.23,173892.75,-0.15%
2025-06-05 08:00:00,DOGE,Short,Exit Short (Green),-0.49%,-0.141%,173388.29,173892.75,-0.29%
2025-06-05 08:00:00,ALGO,Short,Exit Short (Green),-0.40%,-0.115%,173188.61,173892.75,-0.40%
2025-06-05 12:00:00,DOGE,Short,💰 TP,7.89%,2.272%,177122.65,177122.65,-0.00%
2025-06-06 00:00:00,SUI,Short,Exit Short (Green),-0.74%,-0.213%,176745.29,177122.65,-0.21%
2025-06-06 00:00:00,ADA,Short,Exit Short (Green),5.47%,1.575%,179528.7,179528.7,-0.00%
2025-06-06 00:00:00,ALGO,Short,Exit Short (Green),2.86%,0.823%,181006.93,181006.93,-0.00%
2025-06-09 04:00:00,DOGE,Short,🛑 SL,-0.81%,-0.233%,180584.82,181006.93,-0.23%
2025-06-09 04:00:00,SUI,Short,🛑 SL,-0.86%,-0.248%,180137.71,181006.93,-0.48%
2025-06-12 20:00:00,SUI,Short,🛑 SL,-0.85%,-0.245%,179696.88,181006.93,-0.72%
2025-06-12 20:00:00,BNB,Short,🛑 SL,-0.34%,-0.098%,179520.98,181006.93,-0.82%
2025-06-12 20:00:00,LTC,Short,💰 TP,6.19%,1.782%,182720.23,182720.23,-0.00%
2025-06-12 20:00:00,ALGO,Short,💰 TP,8.01%,2.306%,186933.9,186933.9,-0.00%
2025-06-13 00:00:00,BNB,Short,🛑 SL,-0.33%,-0.095%,186756.3,186933.9,-0.10%
2025-06-13 04:00:00,SUI,Short,🛑 SL,-0.85%,-0.245%,186299.28,186933.9,-0.34%
2025-06-13 04:00:00,ADA,Short,Exit Short (Green),3.21%,0.924%,188020.98,188020.98,-0.00%
2025-06-13 04:00:00,DOGE,Short,Exit Short (Green),3.23%,0.930%,189769.42,189769.42,-0.00%
2025-06-13 08:00:00,SUI,Short,🛑 SL,-0.85%,-0.245%,189305.03,189769.42,-0.24%
2025-06-13 08:00:00,BONK,Short,Exit Short (Green),4.31%,1.241%,191654.02,191654.02,-0.00%
2025-06-14 16:00:00,SUI,Short,🛑 SL,-0.86%,-0.248%,191179.49,191654.02,-0.25%
2025-06-14 16:00:00,ADA,Short,🛑 SL,-0.78%,-0.225%,190750.18,191654.02,-0.47%
2025-06-14 16:00:00,BNB,Short,🛑 SL,-0.33%,-0.095%,190568.95,191654.02,-0.57%
2025-06-15 08:00:00,SUI,Short,🛑 SL,-0.85%,-0.245%,190102.6,191654.02,-0.81%
2025-06-15 16:00:00,ALGO,Short,🛑 SL,-0.85%,-0.245%,189637.39,191654.02,-1.05%
2025-06-16 20:00:00,SUI,Short,🛑 SL,-0.88%,-0.253%,189156.94,191654.02,-1.30%
2025-06-16 20:00:00,ADA,Short,🛑 SL,-0.74%,-0.213%,188753.95,191654.02,-1.51%
2025-06-16 20:00:00,DOGE,Short,🛑 SL,-0.81%,-0.233%,188313.78,191654.02,-1.74%
2025-06-17 08:00:00,ADA,Short,🛑 SL,-0.74%,-0.213%,187912.58,191654.02,-1.95%
2025-06-17 08:00:00,LTC,Short,🛑 SL,-0.60%,-0.173%,187587.98,191654.02,-2.12%
2025-06-17 12:00:00,BNB,Short,🛑 SL,-0.32%,-0.092%,187415.16,191654.02,-2.21%
2025-06-17 12:00:00,ALGO,Short,🛑 SL,-0.85%,-0.245%,186956.53,191654.02,-2.45%
2025-06-17 16:00:00,SUI,Short,Exit Short (Green),3.03%,0.872%,188587.42,191654.02,-1.60%
2025-06-17 16:00:00,DOGE,Short,Exit Short (Green),0.62%,0.178%,188924.04,191654.02,-1.42%
2025-06-17 16:00:00,BONK,Short,Exit Short (Green),0.28%,0.081%,189076.34,191654.02,-1.34%
2025-06-18 00:00:00,ALGO,Short,Exit Short (Green),0.56%,0.161%,189381.18,191654.02,-1.19%
2025-06-18 04:00:00,BNB,Short,🛑 SL,-0.32%,-0.092%,189206.7,191654.02,-1.28%
2025-06-18 08:00:00,BNB,Short,🛑 SL,-0.32%,-0.092%,189032.39,191654.02,-1.37%
2025-06-18 12:00:00,LTC,Short,Exit Short (Green),0.11%,0.032%,189092.26,191654.02,-1.34%
2025-06-18 12:00:00,ALGO,Short,Exit Short (Green),1.49%,0.429%,189903.41,191654.02,-0.91%
2025-06-18 16:00:00,BNB,Short,🛑 SL,-0.32%,-0.092%,189728.45,191654.02,-1.00%
2025-06-19 08:00:00,BONK,Short,Exit Short (Green),1.25%,0.360%,190411.24,191654.02,-0.65%
2025-06-20 00:00:00,ADA,Short,🛑 SL,-0.74%,-0.213%,190005.57,191654.02,-0.86%
2025-06-20 12:00:00,ALGO,Short,🛑 SL,-0.85%,-0.245%,189540.6,191654.02,-1.10%
2025-06-20 12:00:00,BNB,Short,🛑 SL,-0.31%,-0.089%,189371.44,191654.02,-1.19%
2025-06-20 16:00:00,SUI,Short,🛑 SL,-0.93%,-0.268%,188864.4,191654.02,-1.46%
2025-06-20 20:00:00,BONK,Short,Exit Short (Green),2.45%,0.705%,190196.57,191654.02,-0.76%
2025-06-20 20:00:00,LTC,Short,Exit Short (Green),0.50%,0.144%,190470.35,191654.02,-0.62%
2025-06-21 00:00:00,DOGE,Short,Exit Short (Green),0.41%,0.118%,190695.18,191654.02,-0.50%
2025-06-21 00:00:00,ADA,Short,Exit Short (Green),0.61%,0.176%,191030.08,191654.02,-0.33%
2025-06-21 00:00:00,LTC,Short,🛑 SL,-0.59%,-0.170%,190705.6,191654.02,-0.49%
2025-06-21 16:00:00,LTC,Short,🛑 SL,-0.61%,-0.176%,190370.68,191654.02,-0.67%
2025-06-21 20:00:00,BONK,Short,Exit Short (Green),2.96%,0.852%,191992.99,191992.99,-0.00%
2025-06-21 20:00:00,ALGO,Short,Exit Short (Green),-0.84%,-0.242%,191528.68,191992.99,-0.24%
2025-06-22 00:00:00,BNB,Short,Exit Short (Green),1.33%,0.383%,192262.06,192262.06,-0.00%
2025-06-22 00:00:00,DOGE,Short,Exit Short (Green),2.37%,0.682%,193573.91,193573.91,-0.00%
2025-06-22 04:00:00,ADA,Short,Exit Short (Green),2.27%,0.654%,194838.97,194838.97,-0.00%
2025-06-22 08:00:00,LTC,Short,🛑 SL,-0.61%,-0.176%,194496.8,194838.97,-0.18%
2025-06-23 08:00:00,LTC,Short,🛑 SL,-0.61%,-0.176%,194155.23,194838.97,-0.35%
2025-06-23 08:00:00,ALGO,Short,🛑 SL,-0.87%,-0.250%,193668.92,194838.97,-0.60%
2025-06-25 16:00:00,BONK,Short,Exit Short (Green),-0.14%,-0.040%,193590.86,194838.97,-0.64%
2025-06-26 08:00:00,LTC,Short,🛑 SL,-0.57%,-0.164%,193273.17,194838.97,-0.80%
2025-06-26 16:00:00,DOGE,Short,Exit Short (Green),0.96%,0.276%,193807.35,194838.97,-0.53%
2025-06-26 16:00:00,BONK,Short,Exit Short (Green),4.91%,1.414%,196546.99,196546.99,-0.00%
2025-06-26 20:00:00,LTC,Short,🛑 SL,-0.57%,-0.164%,196224.45,196546.99,-0.16%
2025-06-27 12:00:00,LTC,Short,🛑 SL,-0.57%,-0.164%,195902.44,196546.99,-0.33%
2025-06-27 16:00:00,DOGE,Short,🛑 SL,-0.84%,-0.242%,195428.68,196546.99,-0.57%
2025-07-01 20:00:00,ALGO,Short,Exit Short (Green),3.30%,0.950%,197285.38,197285.38,-0.00%
2025-07-01 20:00:00,DOGE,Short,🛑 SL,-0.83%,-0.239%,196813.96,197285.38,-0.24%
2025-07-01 20:00:00,ADA,Short,Exit Short (Green),2.37%,0.682%,198156.86,198156.86,-0.00%
2025-07-02 00:00:00,LTC,Short,Exit Short (Green),1.13%,0.325%,198801.52,198801.52,-0.00%
2025-07-04 20:00:00,SUI,Short,Exit Short (Green),-0.57%,-0.164%,198475.28,198801.52,-0.16%
2025-07-05 00:00:00,SUI,Short,🛑 SL,-0.89%,-0.256%,197966.73,198801.52,-0.42%
2025-07-07 16:00:00,LTC,Short,🛑 SL,-0.56%,-0.161%,197647.56,198801.52,-0.58%
2025-07-08 00:00:00,LTC,Short,🛑 SL,-0.55%,-0.158%,197334.59,198801.52,-0.74%
2025-07-25 00:00:00,BTC,Long,Exit Signal,7.95%,2.385%,202041.02,202041.02,-0.00%
2025-07-31 20:00:00,DOGE,Short,🛑 SL,-0.70%,-0.202%,201633.85,202041.02,-0.20%
2025-07-31 20:00:00,ALGO,Short,🛑 SL,-0.67%,-0.193%,201244.91,202041.02,-0.39%
2025-07-31 20:00:00,BONK,Short,🛑 SL,-0.95%,-0.274%,200694.5,202041.02,-0.67%
2025-08-01 08:00:00,SUI,Short,Exit Short (Green),1.04%,0.299%,201295.41,202041.02,-0.37%
2025-08-01 08:00:00,BONK,Short,🛑 SL,-0.95%,-0.274%,200744.86,202041.02,-0.64%
2025-08-01 08:00:00,ALGO,Short,Exit Short (Green),0.02%,0.006%,200756.41,202041.02,-0.64%
2025-08-01 08:00:00,DOGE,Short,Exit Short (Green),0.70%,0.202%,201161.0,202041.02,-0.44%
2025-08-01 08:00:00,ADA,Short,Exit Short (Green),0.54%,0.155%,201473.74,202041.02,-0.28%
2025-08-01 16:00:00,BONK,Short,🛑 SL,-0.95%,-0.274%,200922.69,202041.02,-0.55%
2025-08-02 00:00:00,ALGO,Short,Exit Short (Green),1.11%,0.320%,201564.78,202041.02,-0.24%
2025-08-02 00:00:00,ADA,Short,Exit Short (Green),1.36%,0.392%,202354.0,202354.0,-0.00%
2025-08-02 00:00:00,DOGE,Short,Exit Short (Green),3.21%,0.924%,204224.07,204224.07,-0.00%
2025-08-02 16:00:00,ADA,Short,🛑 SL,-0.65%,-0.187%,203841.89,204224.07,-0.19%
2025-08-02 16:00:00,BONK,Short,🛑 SL,-1.06%,-0.305%,203219.82,204224.07,-0.49%
2025-08-02 20:00:00,BONK,Short,🛑 SL,-1.06%,-0.305%,202599.65,204224.07,-0.80%
2025-08-02 20:00:00,ADA,Short,🛑 SL,-0.65%,-0.187%,202220.51,204224.07,-0.98%
2025-08-03 16:00:00,ALGO,Short,🛑 SL,-0.67%,-0.193%,201830.44,204224.07,-1.17%
2025-08-06 04:00:00,BONK,Short,Exit Short (Green),0.12%,0.035%,201900.17,204224.07,-1.14%
2025-08-11 12:00:00,BONK,Short,🛑 SL,-0.95%,-0.274%,201347.96,204224.07,-1.41%
2025-08-14 20:00:00,BONK,Short,🛑 SL,-1.09%,-0.314%,200716.11,204224.07,-1.72%
2025-08-15 16:00:00,ALGO,Short,🛑 SL,-0.68%,-0.196%,200323.17,204224.07,-1.91%
2025-08-15 20:00:00,BONK,Short,Exit Short (Green),0.92%,0.265%,200853.76,204224.07,-1.65%
2025-08-16 08:00:00,BONK,Short,🛑 SL,-1.09%,-0.314%,200223.46,204224.07,-1.96%
2025-08-18 00:00:00,BTC,Long,Exit Signal,-3.20%,-0.960%,198301.31,204224.07,-2.90%
2025-08-18 08:00:00,BONK,Short,Exit Short (Green),1.41%,0.406%,199106.29,204224.07,-2.51%
2025-08-18 16:00:00,BONK,Short,🛑 SL,-1.10%,-0.317%,198475.74,204224.07,-2.81%
2025-08-19 00:00:00,ALGO,Short,🛑 SL,-0.69%,-0.199%,198081.47,204224.07,-3.01%
2025-08-19 04:00:00,ALGO,Short,🛑 SL,-0.69%,-0.199%,197687.98,204224.07,-3.20%
2025-08-20 00:00:00,DOGE,Short,Exit Short (Green),3.74%,1.077%,199816.58,204224.07,-2.16%
2025-08-20 00:00:00,ALGO,Short,Exit Short (Green),2.39%,0.688%,201191.48,204224.07,-1.48%
2025-08-22 08:00:00,LTC,Short,🛑 SL,-0.48%,-0.138%,200913.45,204224.07,-1.62%
2025-08-22 08:00:00,BONK,Short,🛑 SL,-1.20%,-0.345%,200219.33,204224.07,-1.96%
2025-08-25 12:00:00,LTC,Short,Exit Short (Green),0.72%,0.207%,200634.36,204224.07,-1.76%
2025-08-25 20:00:00,DOGE,Short,🛑 SL,-0.72%,-0.207%,200218.47,204224.07,-1.96%
2025-08-26 00:00:00,BONK,Short,Exit Short (Green),1.91%,0.550%,201319.45,204224.07,-1.42%
2025-08-26 08:00:00,ALGO,Short,🛑 SL,-0.68%,-0.196%,200925.32,204224.07,-1.62%
2025-08-26 08:00:00,BONK,Short,🛑 SL,-1.22%,-0.351%,200219.6,204224.07,-1.96%
2025-08-29 08:00:00,LTC,Short,🛑 SL,-0.50%,-0.144%,199931.38,204224.07,-2.10%
2025-08-29 08:00:00,DOGE,Short,Exit Short (Green),0.87%,0.250%,200432.15,204224.07,-1.86%
2025-08-29 08:00:00,BONK,Short,🛑 SL,-1.15%,-0.331%,199768.55,204224.07,-2.18%
2025-08-29 20:00:00,ALGO,Short,Exit Short (Green),3.69%,1.062%,201890.8,204224.07,-1.14%
2025-08-30 12:00:00,DOGE,Short,Exit Short (Green),0.30%,0.086%,202065.17,204224.07,-1.06%
2025-08-30 20:00:00,ADA,Short,Exit Short (Green),0.65%,0.187%,202443.31,204224.07,-0.87%
2025-08-31 12:00:00,ADA,Short,Exit Short (Green),0.10%,0.029%,202501.59,204224.07,-0.84%
2025-09-01 00:00:00,LTC,Short,🛑 SL,-0.51%,-0.147%,202204.26,204224.07,-0.99%
2025-09-01 00:00:00,DOGE,Short,🛑 SL,-0.69%,-0.199%,201802.58,204224.07,-1.19%
2025-09-01 00:00:00,ALGO,Short,🛑 SL,-0.73%,-0.210%,201378.45,204224.07,-1.39%
2025-09-01 00:00:00,ADA,Short,🛑 SL,-0.60%,-0.173%,201030.59,204224.07,-1.56%
2025-09-01 12:00:00,LTC,Short,🛑 SL,-0.51%,-0.147%,200735.42,204224.07,-1.71%
2025-09-01 12:00:00,ADA,Short,🛑 SL,-0.60%,-0.173%,200388.67,204224.07,-1.88%
2025-09-01 16:00:00,ALGO,Short,Exit Short (Green),0.12%,0.035%,200457.9,204224.07,-1.84%
2025-09-01 20:00:00,LTC,Short,🛑 SL,-0.51%,-0.147%,200163.57,204224.07,-1.99%
2025-09-01 20:00:00,DOGE,Short,🛑 SL,-0.69%,-0.199%,199765.94,204224.07,-2.18%
2025-09-01 20:00:00,ADA,Short,🛑 SL,-0.60%,-0.173%,199420.87,204224.07,-2.35%
2025-09-02 12:00:00,DOGE,Short,🛑 SL,-0.70%,-0.202%,199018.98,204224.07,-2.55%
2025-09-02 12:00:00,ADA,Short,🛑 SL,-0.61%,-0.176%,198669.46,204224.07,-2.72%
2025-09-02 16:00:00,ALGO,Short,Exit Short (Green),0.08%,0.023%,198715.22,204224.07,-2.70%
2025-09-04 20:00:00,BONK,Short,Exit Short (Green),1.88%,0.541%,199790.77,204224.07,-2.17%
2025-09-06 12:00:00,ALGO,Short,🛑 SL,-0.74%,-0.213%,199365.12,204224.07,-2.38%
2025-09-09 12:00:00,LTC,Short,🛑 SL,-0.49%,-0.141%,199083.88,204224.07,-2.52%
2025-09-15 00:00:00,ALGO,Short,Exit Short (Green),-0.31%,-0.089%,198906.2,204224.07,-2.60%
2025-09-15 12:00:00,BONK,Short,🛑 SL,-1.05%,-0.302%,198304.91,204224.07,-2.90%
2025-09-19 16:00:00,SUI,Short,🛑 SL,-0.74%,-0.213%,197882.43,204224.07,-3.11%
2025-09-21 08:00:00,SUI,Short,🛑 SL,-0.74%,-0.213%,197460.85,204224.07,-3.31%
2025-09-21 08:00:00,ALGO,Short,🛑 SL,-0.71%,-0.204%,197057.22,204224.07,-3.51%
2025-09-22 00:00:00,BTC,Long,Stop Loss,-3.84%,-1.152%,194787.12,204224.07,-4.62%
2025-09-22 00:00:00,LTC,Short,💰 TP,4.78%,1.376%,197467.71,204224.07,-3.31%
2025-09-22 00:00:00,BONK,Short,💰 TP,10.34%,2.977%,203346.1,204224.07,-0.43%
2025-09-22 00:00:00,ALGO,Short,💰 TP,7.13%,2.053%,207520.24,207520.24,-0.00%
2025-09-22 00:00:00,SUI,Short,💰 TP,7.35%,2.116%,211911.5,211911.5,-0.00%
2025-09-22 04:00:00,ADA,Short,🛑 SL,-0.60%,-0.173%,211545.45,211911.5,-0.17%
2025-09-23 20:00:00,ADA,Short,🛑 SL,-0.61%,-0.176%,211173.93,211911.5,-0.35%
2025-09-23 20:00:00,DOGE,Short,🛑 SL,-0.66%,-0.190%,210772.67,211911.5,-0.54%
2025-09-24 00:00:00,BONK,Short,🛑 SL,-1.26%,-0.363%,210008.09,211911.5,-0.90%
2025-09-24 00:00:00,SUI,Short,🛑 SL,-0.85%,-0.245%,209494.16,211911.5,-1.14%
2025-09-24 00:00:00,DOGE,Short,🛑 SL,-0.66%,-0.190%,209096.1,211911.5,-1.33%
2025-09-25 00:00:00,LTC,Short,🛑 SL,-0.54%,-0.155%,208771.02,211911.5,-1.48%
2025-09-25 00:00:00,SUI,Short,🛑 SL,-0.85%,-0.245%,208260.13,211911.5,-1.72%
2025-09-25 08:00:00,DOGE,Short,🛑 SL,-0.68%,-0.196%,207852.41,211911.5,-1.92%
2025-09-25 08:00:00,ALGO,Short,🛑 SL,-0.81%,-0.233%,207367.7,211911.5,-2.14%
2025-09-25 08:00:00,ADA,Short,🛑 SL,-0.62%,-0.178%,206997.56,211911.5,-2.32%
2025-09-25 08:00:00,BONK,Short,🛑 SL,-1.27%,-0.366%,206240.71,211911.5,-2.68%
2025-09-26 00:00:00,DOGE,Short,Exit Short (Green),1.65%,0.475%,207220.42,211911.5,-2.21%
2025-09-26 00:00:00,SUI,Short,Exit Short (Green),1.92%,0.553%,208365.87,211911.5,-1.67%
2025-09-26 00:00:00,ALGO,Short,Exit Short (Green),1.01%,0.291%,208971.75,211911.5,-1.39%
2025-09-26 00:00:00,ADA,Short,Exit Short (Green),1.78%,0.512%,210042.65,211911.5,-0.88%
2025-09-28 08:00:00,ALGO,Short,🛑 SL,-0.84%,-0.242%,209534.7,211911.5,-1.12%
2025-09-28 08:00:00,BONK,Short,🛑 SL,-1.34%,-0.386%,208726.34,211911.5,-1.50%
2025-09-30 08:00:00,ADA,Short,🛑 SL,-0.63%,-0.181%,208347.76,211911.5,-1.68%
2025-09-30 08:00:00,LTC,Short,🛑 SL,-0.52%,-0.150%,208035.85,211911.5,-1.83%
2025-09-30 08:00:00,ALGO,Short,🛑 SL,-0.82%,-0.236%,207544.72,211911.5,-2.06%
2025-09-30 08:00:00,SUI,Short,🛑 SL,-0.88%,-0.253%,207018.9,211911.5,-2.31%
2025-09-30 12:00:00,SUI,Short,🛑 SL,-0.88%,-0.253%,206494.41,211911.5,-2.56%
2025-09-30 12:00:00,DOGE,Short,🛑 SL,-0.69%,-0.199%,206084.21,211911.5,-2.75%
2025-09-30 12:00:00,BONK,Short,🛑 SL,-1.34%,-0.386%,205289.17,211911.5,-3.13%
2025-10-03 08:00:00,BONK,Short,🛑 SL,-1.27%,-0.366%,204538.56,211911.5,-3.48%
2025-10-04 12:00:00,BONK,Short,🛑 SL,-1.27%,-0.366%,203790.7,211911.5,-3.83%
2025-10-04 16:00:00,ALGO,Short,Exit Short (Green),1.30%,0.374%,204553.43,211911.5,-3.47%
2025-10-04 16:00:00,SUI,Short,Exit Short (Green),1.38%,0.397%,205366.12,211911.5,-3.09%
2025-10-05 20:00:00,BONK,Short,🛑 SL,-1.28%,-0.369%,204609.32,211911.5,-3.45%
2025-10-05 20:00:00,ADA,Short,🛑 SL,-0.60%,-0.173%,204255.88,211911.5,-3.61%
2025-10-07 12:00:00,SUI,Short,🛑 SL,-0.84%,-0.242%,203761.92,211911.5,-3.85%
2025-10-07 12:00:00,ADA,Short,🛑 SL,-0.60%,-0.173%,203409.94,211911.5,-4.01%
2025-10-08 00:00:00,ALGO,Short,🛑 SL,-0.78%,-0.225%,202953.16,211911.5,-4.23%
2025-10-09 00:00:00,BONK,Short,🛑 SL,-1.28%,-0.369%,202205.25,211911.5,-4.58%
2025-10-09 08:00:00,ALGO,Short,Exit Short (Green),-0.51%,-0.147%,201908.36,211911.5,-4.72%
2025-10-09 08:00:00,ADA,Short,🛑 SL,-0.63%,-0.181%,201542.14,211911.5,-4.89%
2025-10-09 08:00:00,SUI,Short,🛑 SL,-0.85%,-0.245%,201048.94,211911.5,-5.13%
2025-10-09 12:00:00,DOGE,Short,🛑 SL,-0.68%,-0.196%,200655.34,211911.5,-5.31%
2025-10-09 16:00:00,BONK,Short,Exit Short (Green),3.22%,0.927%,202515.49,211911.5,-4.43%
2025-10-09 16:00:00,ADA,Short,🛑 SL,-0.63%,-0.181%,202148.17,211911.5,-4.61%
2025-10-09 20:00:00,SUI,Short,🛑 SL,-0.85%,-0.245%,201653.49,211911.5,-4.84%
2025-10-10 00:00:00,BTC,Long,Stop Loss,-4.68%,-1.404%,198822.27,211911.5,-6.18%
2025-10-10 12:00:00,ALGO,Short,🛑 SL,-0.78%,-0.225%,198375.79,211911.5,-6.39%
2025-10-10 16:00:00,ADA,Short,💰 TP,6.39%,1.840%,202025.27,211911.5,-4.67%
2025-10-10 16:00:00,LTC,Short,💰 TP,5.28%,1.520%,205096.28,211911.5,-3.22%
2025-10-10 16:00:00,SUI,Short,💰 TP,8.67%,2.496%,210215.68,211911.5,-0.80%
2025-10-10 16:00:00,BONK,Short,💰 TP,13.20%,3.800%,218204.46,218204.46,-0.00%
2025-10-14 08:00:00,LTC,Short,🛑 SL,-0.72%,-0.207%,217752.15,218204.46,-0.21%
2025-10-14 08:00:00,DOGE,Short,Exit Short (Green),1.40%,0.403%,218629.82,218629.82,-0.00%
2025-10-14 08:00:00,ALGO,Short,Exit Short (Green),1.59%,0.458%,219630.62,219630.62,-0.00%
2025-10-14 12:00:00,DOGE,Short,🛑 SL,-0.91%,-0.262%,219055.22,219630.62,-0.26%
2025-10-14 12:00:00,LTC,Short,🛑 SL,-0.72%,-0.207%,218601.14,219630.62,-0.47%
2025-10-15 00:00:00,DOGE,Short,🛑 SL,-0.92%,-0.265%,218022.14,219630.62,-0.73%
2025-10-15 16:00:00,SUI,Short,🛑 SL,-1.21%,-0.348%,217262.64,219630.62,-1.08%
2025-10-15 16:00:00,ADA,Short,🛑 SL,-0.87%,-0.250%,216718.45,219630.62,-1.33%
2025-10-15 20:00:00,BONK,Short,🛑 SL,-1.74%,-0.501%,215632.81,219630.62,-1.82%
2025-10-16 04:00:00,ALGO,Short,🛑 SL,-0.96%,-0.276%,215036.84,219630.62,-2.09%
2025-10-16 04:00:00,DOGE,Short,🛑 SL,-0.96%,-0.276%,214442.51,219630.62,-2.36%
2025-10-16 04:00:00,SUI,Short,🛑 SL,-1.21%,-0.348%,213695.48,219630.62,-2.70%
2025-10-16 04:00:00,BONK,Short,🛑 SL,-1.74%,-0.501%,212624.98,219630.62,-3.19%
2025-10-16 04:00:00,ADA,Short,🛑 SL,-0.87%,-0.250%,212092.41,219630.62,-3.43%
2025-10-16 12:00:00,SUI,Short,🛑 SL,-1.21%,-0.348%,211353.57,219630.62,-3.77%
2025-10-16 12:00:00,ALGO,Short,🛑 SL,-0.96%,-0.276%,210769.42,219630.62,-4.03%
2025-10-16 16:00:00,LTC,Short,🛑 SL,-0.76%,-0.219%,210308.25,219630.62,-4.24%
2025-10-16 20:00:00,DOGE,Short,Exit Short (Green),2.48%,0.714%,211809.83,219630.62,-3.56%
2025-10-16 20:00:00,ADA,Short,Exit Short (Green),2.62%,0.754%,213407.51,219630.62,-2.83%
2025-10-17 00:00:00,BONK,Short,Exit Short (Green),3.21%,0.924%,215379.74,219630.62,-1.94%
2025-10-17 04:00:00,LTC,Short,💰 TP,7.61%,2.191%,220098.53,220098.53,-0.00%
2025-10-21 04:00:00,BNB,Short,🛑 SL,-0.46%,-0.132%,219807.05,220098.53,-0.13%
2025-10-22 00:00:00,BNB,Short,Exit Short (Green),0.00%,0.000%,219807.05,220098.53,-0.13%
2025-10-22 00:00:00,BONK,Short,🛑 SL,-1.75%,-0.504%,218699.6,220098.53,-0.64%
2025-10-22 08:00:00,SUI,Short,Exit Short (Green),0.35%,0.101%,218919.98,220098.53,-0.54%
2025-10-22 08:00:00,ADA,Short,🛑 SL,-0.89%,-0.256%,218359.03,220098.53,-0.79%
2025-10-22 08:00:00,BONK,Short,🛑 SL,-1.75%,-0.504%,217258.89,220098.53,-1.29%
2025-10-22 08:00:00,BNB,Short,🛑 SL,-0.46%,-0.132%,216971.16,220098.53,-1.42%
2025-10-22 08:00:00,LTC,Short,🛑 SL,-0.76%,-0.219%,216496.42,220098.53,-1.64%
2025-10-22 12:00:00,DOGE,Short,Exit Short (Green),-0.06%,-0.017%,216459.02,220098.53,-1.65%
2025-10-22 20:00:00,LTC,Short,🛑 SL,-0.76%,-0.219%,215985.4,220098.53,-1.87%
2025-10-22 20:00:00,ALGO,Short,🛑 SL,-1.00%,-0.288%,215363.58,220098.53,-2.15%
2025-10-23 00:00:00,SUI,Short,Exit Short (Green),1.99%,0.573%,216597.44,220098.53,-1.59%
2025-10-23 00:00:00,BONK,Short,Exit Short (Green),1.61%,0.464%,217601.41,220098.53,-1.13%
2025-10-23 08:00:00,ADA,Short,🛑 SL,-0.89%,-0.256%,217043.85,220098.53,-1.39%
2025-10-23 08:00:00,DOGE,Short,🛑 SL,-0.95%,-0.274%,216450.23,220098.53,-1.66%
2025-10-23 08:00:00,SUI,Short,🛑 SL,-1.24%,-0.357%,215677.51,220098.53,-2.01%
2025-10-29 00:00:00,SUI,Short,Exit Short (Green),-0.65%,-0.187%,215273.9,220098.53,-2.19%
2025-10-29 04:00:00,DOGE,Short,Exit Short (Green),0.15%,0.043%,215366.87,220098.53,-2.15%
2025-10-29 04:00:00,ALGO,Short,Exit Short (Green),0.43%,0.124%,215633.48,220098.53,-2.03%
2025-10-29 04:00:00,ADA,Short,Exit Short (Green),0.09%,0.026%,215689.36,220098.53,-2.00%
2025-10-29 04:00:00,BONK,Short,Exit Short (Green),0.14%,0.040%,215776.29,220098.53,-1.96%
2025-10-29 04:00:00,LTC,Short,Exit Short (Green),-0.54%,-0.155%,215440.83,220098.53,-2.12%
2025-10-29 08:00:00,LTC,Short,🛑 SL,-0.68%,-0.196%,215019.06,220098.53,-2.31%
2025-10-29 12:00:00,ALGO,Short,🛑 SL,-0.87%,-0.250%,214480.5,220098.53,-2.55%
2025-10-29 12:00:00,ADA,Short,🛑 SL,-0.85%,-0.245%,213955.63,220098.53,-2.79%
2025-10-29 12:00:00,BNB,Short,🛑 SL,-0.46%,-0.132%,213672.28,220098.53,-2.92%
2025-10-29 12:00:00,DOGE,Short,🛑 SL,-0.89%,-0.256%,213124.78,220098.53,-3.17%
2025-10-29 20:00:00,ADA,Short,🛑 SL,-0.85%,-0.245%,212603.24,220098.53,-3.41%
2025-10-30 00:00:00,ALGO,Short,🛑 SL,-0.87%,-0.250%,212070.72,220098.53,-3.65%
2025-10-30 00:00:00,BONK,Short,🛑 SL,-1.56%,-0.449%,211118.26,220098.53,-4.08%
2025-10-30 00:00:00,SUI,Short,🛑 SL,-1.19%,-0.343%,210394.97,220098.53,-4.41%
2025-10-30 00:00:00,DOGE,Short,🛑 SL,-0.91%,-0.262%,209843.76,220098.53,-4.66%
2025-10-30 00:00:00,ADA,Short,🛑 SL,-0.85%,-0.245%,209330.24,220098.53,-4.89%
2025-10-30 12:00:00,ALGO,Short,💰 TP,8.62%,2.482%,214525.18,220098.53,-2.53%
2025-10-30 20:00:00,ADA,Short,Exit Short (Green),5.49%,1.581%,217915.91,220098.53,-0.99%
2025-10-30 20:00:00,SUI,Short,Exit Short (Green),5.83%,1.678%,221573.53,221573.53,-0.00%
2025-10-30 20:00:00,BONK,Short,Exit Short (Green),6.95%,2.001%,226007.01,226007.01,-0.00%
2025-10-30 20:00:00,DOGE,Short,Exit Short (Green),3.88%,1.117%,228531.62,228531.62,-0.00%
2025-10-30 20:00:00,LTC,Short,Exit Short (Green),2.05%,0.590%,229880.4,229880.4,-0.00%
2025-10-31 04:00:00,BNB,Short,🛑 SL,-0.47%,-0.135%,229569.35,229880.4,-0.14%
2025-10-31 12:00:00,BNB,Short,🛑 SL,-0.47%,-0.135%,229258.71,229880.4,-0.27%
2025-11-02 03:00:00,BNB,Short,🛑 SL,-0.47%,-0.135%,228948.49,229880.4,-0.41%
2025-11-02 15:00:00,ALGO,Short,🛑 SL,-0.89%,-0.256%,228361.85,229880.4,-0.66%
2025-11-02 15:00:00,ADA,Short,🛑 SL,-0.88%,-0.253%,227783.3,229880.4,-0.91%
2025-11-02 19:00:00,LTC,Short,🛑 SL,-0.73%,-0.210%,227304.57,229880.4,-1.12%
2025-11-02 19:00:00,BNB,Short,Exit Short (Green),-0.13%,-0.037%,227219.5,229880.4,-1.16%
2025-11-03 03:00:00,ADA,Short,Exit Short (Green),3.48%,1.002%,229495.99,229880.4,-0.17%
2025-11-03 07:00:00,ALGO,Short,💰 TP,8.82%,2.539%,235323.53,235323.53,-0.00%
2025-11-03 07:00:00,DOGE,Short,Exit Short (Green),1.24%,0.357%,236163.63,236163.63,-0.00%
2025-11-03 15:00:00,SUI,Short,Exit Short (Green),7.95%,2.289%,241568.95,241568.95,-0.00%
2025-11-03 19:00:00,LTC,Short,Exit Short (Green),3.26%,0.939%,243836.21,243836.21,-0.00%
2025-11-03 23:00:00,BONK,Short,Exit Short (Green),4.30%,1.238%,246854.83,246854.83,-0.00%
2025-11-04 15:00:00,DOGE,Short,🛑 SL,-1.05%,-0.302%,246108.6,246854.83,-0.30%
2025-11-04 19:00:00,DOGE,Short,🛑 SL,-1.06%,-0.305%,245357.54,246854.83,-0.61%
2025-11-04 19:00:00,ADA,Short,Exit Short (Green),1.82%,0.524%,246643.16,246854.83,-0.09%
2025-11-04 23:00:00,ADA,Short,🛑 SL,-1.01%,-0.291%,245925.97,246854.83,-0.38%
2025-11-05 07:00:00,ADA,Short,Exit Short (Green),-0.85%,-0.245%,245324.15,246854.83,-0.62%
2025-11-11 03:00:00,BNB,Short,🛑 SL,-0.54%,-0.155%,244942.76,246854.83,-0.77%
2025-11-11 23:00:00,SUI,Short,Exit Short (Green),2.84%,0.818%,246945.5,246945.5,-0.00%
2025-11-11 23:00:00,BONK,Short,Exit Short (Green),-0.49%,-0.141%,246597.13,246945.5,-0.14%
2025-11-11 23:00:00,BNB,Short,Exit Short (Green),1.48%,0.426%,247647.86,247647.86,-0.00%
2025-11-11 23:00:00,DOGE,Short,🛑 SL,-0.97%,-0.279%,246956.27,247647.86,-0.28%
2025-11-12 19:00:00,ADA,Short,Exit Short (Green),0.45%,0.130%,247276.21,247647.86,-0.15%
2025-11-12 19:00:00,DOGE,Short,Exit Short (Green),0.61%,0.176%,247710.48,247710.48,-0.00%
2025-11-12 23:00:00,BONK,Short,Exit Short (Green),0.08%,0.023%,247767.53,247767.53,-0.00%
2025-11-13 19:00:00,LTC,Short,Exit Short (Green),1.51%,0.435%,248844.65,248844.65,-0.00%
2025-11-13 19:00:00,ADA,Short,Exit Short (Green),1.76%,0.507%,250105.55,250105.55,-0.00%
2025-11-13 19:00:00,BNB,Short,Exit Short (Green),1.15%,0.331%,250933.62,250933.62,-0.00%
2025-11-13 19:00:00,DOGE,Short,Exit Short (Green),2.02%,0.582%,252392.94,252392.94,-0.00%
2025-11-13 19:00:00,ALGO,Short,Exit Short (Green),1.62%,0.466%,253570.1,253570.1,-0.00%
2025-11-13 19:00:00,SUI,Short,Exit Short (Green),4.65%,1.339%,256964.73,256964.73,-0.00%
2025-11-13 19:00:00,BONK,Short,Exit Short (Green),6.23%,1.794%,261573.69,261573.69,-0.00%
2025-11-13 23:00:00,LTC,Short,🛑 SL,-0.74%,-0.213%,261016.42,261573.69,-0.21%
2025-11-14 07:00:00,LTC,Short,🛑 SL,-0.74%,-0.213%,260460.33,261573.69,-0.43%
2025-11-16 15:00:00,DOGE,Short,🛑 SL,-1.07%,-0.308%,259657.98,261573.69,-0.73%
2025-11-16 15:00:00,SUI,Short,🛑 SL,-1.55%,-0.446%,258499.27,261573.69,-1.18%
2025-11-16 15:00:00,ALGO,Short,🛑 SL,-0.94%,-0.271%,257799.7,261573.69,-1.44%
2025-11-16 19:00:00,ADA,Short,Exit Short (Green),1.21%,0.348%,258697.77,261573.69,-1.10%
2025-11-16 19:00:00,ALGO,Short,🛑 SL,-0.94%,-0.271%,257997.67,261573.69,-1.37%
2025-11-16 19:00:00,BONK,Short,Exit Short (Green),1.40%,0.403%,259037.55,261573.69,-0.97%
2025-11-16 23:00:00,ADA,Short,🛑 SL,-1.08%,-0.311%,258232.12,261573.69,-1.28%
2025-11-17 11:00:00,BNB,Short,🛑 SL,-0.59%,-0.170%,257793.49,261573.69,-1.45%
2025-11-17 19:00:00,ALGO,Short,Exit Short (Green),1.84%,0.530%,259159.11,261573.69,-0.92%
2025-11-17 19:00:00,SUI,Short,Exit Short (Green),0.42%,0.121%,259472.48,261573.69,-0.80%
2025-11-17 19:00:00,BONK,Short,Exit Short (Green),5.86%,1.687%,263850.02,263850.02,-0.00%
2025-11-17 19:00:00,ADA,Short,Exit Short (Green),4.94%,1.422%,267602.57,267602.57,-0.00%
2025-11-17 23:00:00,DOGE,Short,Exit Short (Green),-0.64%,-0.184%,267109.49,267602.57,-0.18%
2025-11-17 23:00:00,LTC,Short,Exit Short (Green),0.12%,0.035%,267201.78,267602.57,-0.15%
2025-11-18 07:00:00,BONK,Short,🛑 SL,-1.75%,-0.504%,265855.55,267602.57,-0.65%
2025-11-18 23:00:00,ADA,Short,🛑 SL,-1.16%,-0.334%,264967.68,267602.57,-0.98%
2025-11-19 15:00:00,DOGE,Short,🛑 SL,-1.10%,-0.317%,264128.56,267602.57,-1.30%
2025-11-19 15:00:00,SUI,Short,🛑 SL,-1.59%,-0.458%,262919.48,267602.57,-1.75%
2025-11-19 15:00:00,ADA,Short,🛑 SL,-1.16%,-0.334%,262041.42,267602.57,-2.08%
2025-11-19 15:00:00,ALGO,Short,🛑 SL,-0.99%,-0.285%,261294.55,267602.57,-2.36%
2025-11-19 15:00:00,BONK,Short,🛑 SL,-1.81%,-0.521%,259932.95,267602.57,-2.87%
2025-11-19 15:00:00,BNB,Short,🛑 SL,-0.62%,-0.178%,259468.97,267602.57,-3.04%
2025-11-19 15:00:00,LTC,Short,🛑 SL,-0.79%,-0.227%,258878.83,267602.57,-3.26%
2025-11-20 11:00:00,BNB,Short,🛑 SL,-0.63%,-0.181%,258409.29,267602.57,-3.44%
2025-11-20 11:00:00,DOGE,Short,🛑 SL,-1.11%,-0.320%,257583.49,267602.57,-3.74%
2025-11-20 15:00:00,ADA,Short,🛑 SL,-1.20%,-0.345%,256693.59,267602.57,-4.08%
2025-11-20 15:00:00,SUI,Short,🛑 SL,-1.61%,-0.464%,255503.77,267602.57,-4.52%
2025-11-20 15:00:00,BONK,Short,🛑 SL,-1.79%,-0.515%,254187.05,267602.57,-5.01%
2025-11-20 15:00:00,ALGO,Short,🛑 SL,-1.00%,-0.288%,253455.25,267602.57,-5.29%
2025-11-20 19:00:00,LTC,Short,Exit Short (Green),1.83%,0.527%,254790.6,267602.57,-4.79%
2025-11-20 23:00:00,BNB,Short,💰 TP,6.27%,1.805%,259389.9,267602.57,-3.07%
2025-11-21 11:00:00,BONK,Short,Exit Short (Green),5.90%,1.699%,263795.93,267602.57,-1.42%
2025-11-21 11:00:00,DOGE,Short,Exit Short (Green),6.21%,1.788%,268512.23,268512.23,-0.00%
2025-11-26 11:00:00,BONK,Short,🛑 SL,-1.81%,-0.521%,267113.01,268512.23,-0.52%
2025-11-26 11:00:00,SUI,Short,🛑 SL,-1.53%,-0.440%,265936.41,268512.23,-0.96%
2025-11-28 11:00:00,DOGE,Short,🛑 SL,-1.06%,-0.305%,265124.84,268512.23,-1.26%
2025-11-28 11:00:00,LTC,Short,🛑 SL,-0.83%,-0.239%,264491.31,268512.23,-1.50%
2025-11-29 07:00:00,DOGE,Short,Exit Short (Green),-0.59%,-0.170%,264042.04,268512.23,-1.66%
2025-11-29 07:00:00,BONK,Short,Exit Short (Green),-0.93%,-0.268%,263335.08,268512.23,-1.93%
2025-11-29 07:00:00,BNB,Short,🛑 SL,-0.63%,-0.181%,262857.45,268512.23,-2.11%
2025-11-29 07:00:00,ALGO,Short,Exit Short (Green),-0.59%,-0.170%,262410.96,268512.23,-2.27%
2025-11-29 19:00:00,ALGO,Short,Exit Short (Green),1.40%,0.403%,263468.63,268512.23,-1.88%
2025-11-29 19:00:00,BONK,Short,Exit Short (Green),0.00%,0.000%,263468.63,268512.23,-1.88%
2025-11-29 19:00:00,DOGE,Short,Exit Short (Green),-0.08%,-0.023%,263407.95,268512.23,-1.90%
2025-11-29 23:00:00,BNB,Short,Exit Short (Green),0.06%,0.017%,263453.45,268512.23,-1.88%
2025-11-30 07:00:00,BONK,Short,🛑 SL,-1.66%,-0.478%,262194.37,268512.23,-2.35%
2025-12-01 03:00:00,ADA,Short,Exit Short (Green),5.58%,1.606%,266406.47,268512.23,-0.78%
2025-12-01 03:00:00,SUI,Short,Exit Short (Green),6.55%,1.886%,271430.22,271430.22,-0.00%
2025-12-01 03:00:00,BNB,Short,Exit Short (Green),4.12%,1.186%,274649.78,274649.78,-0.00%
2025-12-01 03:00:00,DOGE,Short,Exit Short (Green),6.46%,1.860%,279757.81,279757.81,-0.00%
2025-12-01 03:00:00,BONK,Short,Exit Short (Green),9.44%,2.718%,287361.01,287361.01,-0.00%
2025-12-01 07:00:00,LTC,Short,💰 TP,8.20%,2.361%,294144.97,294144.97,-0.00%
2025-12-04 11:00:00,BONK,Short,🛑 SL,-1.57%,-0.452%,292815.42,294144.97,-0.45%
2025-12-05 03:00:00,BONK,Short,Exit Short (Green),-1.15%,-0.331%,291845.95,294144.97,-0.78%
2025-12-05 19:00:00,ALGO,Short,Exit Short (Green),3.09%,0.890%,294442.25,294442.25,-0.00%
2025-12-05 23:00:00,ADA,Short,Exit Short (Green),2.35%,0.677%,296434.34,296434.34,-0.00%
2025-12-05 23:00:00,BNB,Short,Exit Short (Green),-0.08%,-0.023%,296366.07,296434.34,-0.02%
2025-12-07 07:00:00,DOGE,Short,🛑 SL,-1.09%,-0.314%,295436.04,296434.34,-0.34%
2025-12-07 07:00:00,ALGO,Short,🛑 SL,-0.96%,-0.276%,294619.5,296434.34,-0.61%
2025-12-07 07:00:00,ADA,Short,🛑 SL,-1.09%,-0.314%,293694.95,296434.34,-0.92%
2025-12-07 15:00:00,ALGO,Short,🛑 SL,-0.96%,-0.276%,292883.23,296434.34,-1.20%
2025-12-07 19:00:00,DOGE,Short,🛑 SL,-1.09%,-0.314%,291964.13,296434.34,-1.51%
2025-12-11 03:00:00,LTC,Short,Exit Short (Green),1.92%,0.553%,293578.01,296434.34,-0.96%
2025-12-11 03:00:00,DOGE,Short,Exit Short (Green),0.95%,0.274%,294380.96,296434.34,-0.69%
2025-12-11 03:00:00,SUI,Short,Exit Short (Green),1.41%,0.406%,295575.97,296434.34,-0.29%
2025-12-11 03:00:00,BONK,Short,Exit Short (Green),1.19%,0.343%,296588.61,296588.61,-0.00%
2025-12-11 07:00:00,ALGO,Short,Exit Short (Green),1.84%,0.530%,298159.75,298159.75,-0.00%
2025-12-11 15:00:00,BNB,Short,Exit Short (Green),0.65%,0.187%,298717.71,298717.71,-0.00%
2025-12-11 19:00:00,BNB,Short,🛑 SL,-0.64%,-0.184%,298167.31,298717.71,-0.18%
2025-12-11 19:00:00,ADA,Short,Exit Short (Green),-0.34%,-0.098%,297875.44,298717.71,-0.28%
2025-12-11 23:00:00,DOGE,Short,Exit Short (Green),-0.83%,-0.239%,297163.65,298717.71,-0.52%
2025-12-12 11:00:00,BONK,Short,🛑 SL,-1.68%,-0.484%,295726.35,298717.71,-1.00%
2025-12-12 15:00:00,SUI,Short,Exit Short (Green),0.22%,0.063%,295913.66,298717.71,-0.94%
2025-12-12 15:00:00,ADA,Short,Exit Short (Green),3.40%,0.979%,298810.24,298810.24,-0.00%
2025-12-12 15:00:00,DOGE,Short,Exit Short (Green),0.10%,0.029%,298896.27,298896.27,-0.00%
2025-12-13 03:00:00,ALGO,Short,Exit Short (Green),3.47%,0.999%,301882.28,301882.28,-0.00%
2025-12-14 00:00:00,BTC,Long,Exit Signal,-6.64%,-1.992%,295868.78,301882.28,-1.99%
2025-12-14 15:00:00,LTC,Short,Exit Short (Green),1.70%,0.489%,297316.85,301882.28,-1.51%
2025-12-14 15:00:00,BNB,Short,🛑 SL,-0.65%,-0.187%,296760.47,301882.28,-1.70%
2025-12-14 19:00:00,DOGE,Short,🛑 SL,-1.10%,-0.317%,295820.66,301882.28,-2.01%
2025-12-14 23:00:00,ADA,Short,Exit Short (Green),0.57%,0.164%,296306.11,301882.28,-1.85%
2025-12-15 19:00:00,BNB,Short,Exit Short (Green),1.37%,0.394%,297474.81,301882.28,-1.46%
2025-12-15 19:00:00,LTC,Short,Exit Short (Green),3.70%,1.065%,300643.6,301882.28,-0.41%
2025-12-15 19:00:00,SUI,Short,Exit Short (Green),0.35%,0.101%,300946.54,301882.28,-0.31%
2025-12-15 19:00:00,BONK,Short,Exit Short (Green),2.13%,0.613%,302792.03,302792.03,-0.00%
2025-12-15 19:00:00,DOGE,Short,Exit Short (Green),3.37%,0.970%,305729.79,305729.79,-0.00%
2025-12-17 07:00:00,ADA,Short,🛑 SL,-1.16%,-0.334%,304708.76,305729.79,-0.33%
2025-12-17 07:00:00,BONK,Short,🛑 SL,-1.78%,-0.512%,303147.24,305729.79,-0.84%
2025-12-17 15:00:00,LTC,Short,🛑 SL,-0.88%,-0.253%,302379.21,305729.79,-1.10%
2025-12-17 19:00:00,BNB,Short,Exit Short (Green),-0.28%,-0.081%,302135.46,305729.79,-1.18%
2025-12-17 23:00:00,ALGO,Short,Exit Short (Green),-0.02%,-0.006%,302118.06,305729.79,-1.18%
2025-12-18 07:00:00,DOGE,Short,Exit Short (Green),0.37%,0.107%,302439.89,305729.79,-1.08%
2025-12-18 07:00:00,SUI,Short,Exit Short (Green),3.56%,1.025%,305539.67,305729.79,-0.06%
2025-12-18 07:00:00,ADA,Short,Exit Short (Green),3.43%,0.987%,308556.86,308556.86,-0.00%
2025-12-18 07:00:00,LTC,Short,Exit Short (Green),-0.63%,-0.181%,307997.21,308556.86,-0.18%
2025-12-18 07:00:00,BONK,Short,Exit Short (Green),4.15%,1.195%,311677.11,311677.11,-0.00%
2025-12-18 19:00:00,BNB,Short,Exit Short (Green),1.27%,0.366%,312816.71,312816.71,-0.00%
2025-12-18 19:00:00,ALGO,Short,Exit Short (Green),3.81%,1.097%,316247.99,316247.99,-0.00%
2025-12-18 19:00:00,LTC,Short,Exit Short (Green),1.93%,0.556%,318005.22,318005.22,-0.00%
2025-12-18 19:00:00,DOGE,Short,Exit Short (Green),3.59%,1.034%,321291.99,321291.99,-0.00%
2025-12-18 23:00:00,LTC,Short,🛑 SL,-0.90%,-0.259%,320459.49,321291.99,-0.26%
2025-12-19 07:00:00,LTC,Short,Exit Short (Green),-0.65%,-0.187%,319859.8,321291.99,-0.45%
2025-12-23 07:00:00,ALGO,Short,Exit Short (Green),0.06%,0.017%,319915.05,321291.99,-0.43%
2025-12-23 11:00:00,BONK,Short,🛑 SL,-1.78%,-0.512%,318275.61,321291.99,-0.94%
2025-12-23 11:00:00,ADA,Short,🛑 SL,-1.20%,-0.345%,317176.03,321291.99,-1.28%
2025-12-23 11:00:00,SUI,Short,🛑 SL,-1.41%,-0.406%,315888.49,321291.99,-1.68%
2025-12-23 11:00:00,DOGE,Short,🛑 SL,-1.09%,-0.314%,314897.2,321291.99,-1.99%
2025-12-23 15:00:00,DOGE,Short,🛑 SL,-1.09%,-0.314%,313909.02,321291.99,-2.30%
2025-12-23 19:00:00,BNB,Short,Exit Short (Green),0.14%,0.040%,314035.54,321291.99,-2.26%
2025-12-24 03:00:00,LTC,Short,🛑 SL,-0.89%,-0.256%,313230.88,321291.99,-2.51%
2025-12-24 07:00:00,ADA,Short,Exit Short (Green),-0.21%,-0.060%,313041.51,321291.99,-2.57%
2025-12-24 07:00:00,BONK,Short,Exit Short (Green),0.76%,0.219%,313726.46,321291.99,-2.35%
2025-12-24 07:00:00,DOGE,Short,Exit Short (Green),0.54%,0.155%,314214.19,321291.99,-2.20%
2025-12-24 19:00:00,BONK,Short,Exit Short (Green),0.13%,0.037%,314331.79,321291.99,-2.17%
2025-12-24 19:00:00,LTC,Short,Exit Short (Green),-0.34%,-0.098%,314024.11,321291.99,-2.26%
2025-12-25 07:00:00,DOGE,Short,🛑 SL,-1.08%,-0.311%,313047.71,321291.99,-2.57%
2025-12-25 07:00:00,ADA,Short,🛑 SL,-1.20%,-0.345%,311966.19,321291.99,-2.90%
2025-12-25 11:00:00,BNB,Short,Exit Short (Green),0.35%,0.101%,312280.54,321291.99,-2.80%
2025-12-25 19:00:00,BONK,Short,🛑 SL,-1.69%,-0.487%,310761.14,321291.99,-3.28%
2025-12-25 19:00:00,ADA,Short,🛑 SL,-1.20%,-0.345%,309687.52,321291.99,-3.61%
2025-12-25 19:00:00,BNB,Short,🛑 SL,-0.69%,-0.199%,309072.32,321291.99,-3.80%
2025-12-25 23:00:00,DOGE,Short,Exit Short (Green),0.38%,0.109%,309410.45,321291.99,-3.70%
2025-12-25 23:00:00,ADA,Short,🛑 SL,-1.20%,-0.345%,308341.5,321291.99,-4.03%
2025-12-26 15:00:00,ADA,Short,Exit Short (Green),0.65%,0.187%,308918.52,321291.99,-3.85%
2025-12-26 15:00:00,BNB,Short,Exit Short (Green),0.28%,0.081%,309167.54,321291.99,-3.77%
2025-12-26 23:00:00,BNB,Short,🛑 SL,-0.68%,-0.196%,308562.28,321291.99,-3.96%
2025-12-29 19:00:00,ADA,Short,Exit Short (Green),2.32%,0.668%,310623.25,321291.99,-3.32%
2025-12-30 07:00:00,ALGO,Short,🛑 SL,-0.99%,-0.285%,309737.91,321291.99,-3.60%
2025-12-31 19:00:00,SUI,Short,Exit Short (Green),0.93%,0.268%,310567.23,321291.99,-3.34%
2025-12-31 19:00:00,ADA,Short,Exit Short (Green),4.43%,1.275%,314528.19,321291.99,-2.11%
2025-12-31 19:00:00,DOGE,Short,Exit Short (Green),3.93%,1.131%,318086.91,321291.99,-1.00%
2025-12-31 19:00:00,ALGO,Short,Exit Short (Green),4.81%,1.385%,322491.77,322491.77,-0.00%
2025-12-31 19:00:00,LTC,Short,Exit Short (Green),0.98%,0.282%,323401.66,323401.66,-0.00%
2026-01-01 03:00:00,BONK,Short,Exit Short (Green),1.96%,0.564%,325226.56,325226.56,-0.00%
2026-01-01 07:00:00,LTC,Short,🛑 SL,-0.84%,-0.242%,324440.05,325226.56,-0.24%
2026-01-01 11:00:00,ALGO,Short,🛑 SL,-0.97%,-0.279%,323534.01,325226.56,-0.52%
2026-01-10 03:00:00,ADA,Short,🛑 SL,-1.02%,-0.294%,322583.92,325226.56,-0.81%
2026-01-11 15:00:00,ADA,Short,🛑 SL,-1.01%,-0.291%,321645.92,325226.56,-1.10%
2026-01-11 19:00:00,SUI,Short,🛑 SL,-1.10%,-0.317%,320627.3,325226.56,-1.41%
2026-01-11 23:00:00,LTC,Short,Exit Short (Green),0.81%,0.233%,321375.0,325226.56,-1.18%
2026-01-12 07:00:00,ADA,Short,🛑 SL,-1.01%,-0.291%,320440.51,325226.56,-1.47%
2026-01-12 11:00:00,DOGE,Short,🛑 SL,-0.89%,-0.256%,319619.44,325226.56,-1.72%
2026-01-12 11:00:00,SUI,Short,Exit Short (Green),0.11%,0.032%,319720.66,325226.56,-1.69%
2026-01-12 19:00:00,ADA,Short,🛑 SL,-1.01%,-0.291%,318790.98,325226.56,-1.98%
2026-01-12 23:00:00,DOGE,Short,Exit Short (Green),0.82%,0.236%,319543.57,325226.56,-1.75%
2026-01-13 03:00:00,LTC,Short,🛑 SL,-0.83%,-0.239%,318780.0,325226.56,-1.98%
2026-01-15 03:00:00,LTC,Short,Exit Short (Green),0.94%,0.271%,319642.7,325226.56,-1.72%
2026-01-15 19:00:00,ALGO,Short,🛑 SL,-0.85%,-0.245%,318860.49,325226.56,-1.96%
2026-01-15 19:00:00,LTC,Short,Exit Short (Green),4.05%,1.166%,322578.39,325226.56,-0.81%
2026-01-16 03:00:00,ALGO,Short,Exit Short (Green),-0.45%,-0.130%,322160.47,325226.56,-0.94%
2026-01-16 11:00:00,ADA,Short,🛑 SL,-0.99%,-0.285%,321242.25,325226.56,-1.23%
2026-01-18 19:00:00,ALGO,Short,💰 TP,8.65%,2.490%,329242.25,329242.25,-0.00%
2026-01-18 19:00:00,DOGE,Short,💰 TP,8.61%,2.479%,337403.57,337403.57,-0.00%
2026-01-19 03:00:00,LTC,Short,Exit Short (Green),0.48%,0.138%,337869.84,337869.84,-0.00%
2026-01-19 07:00:00,ADA,Short,Exit Short (Green),2.75%,0.792%,340544.84,340544.84,-0.00%
2026-01-19 11:00:00,SUI,Short,Exit Short (Green),5.92%,1.704%,346348.97,346348.97,-0.00%
2026-01-20 00:00:00,BTC,Long,Exit Signal,-2.47%,-0.741%,343782.53,346348.97,-0.74%
2026-01-20 23:00:00,SUI,Short,Exit Short (Green),0.10%,0.029%,343881.5,346348.97,-0.71%
2026-01-21 11:00:00,SUI,Short,🛑 SL,-0.95%,-0.274%,342940.97,346348.97,-0.98%
2026-01-21 11:00:00,ADA,Short,🛑 SL,-0.89%,-0.256%,342062.25,346348.97,-1.24%
2026-01-21 19:00:00,SUI,Short,🛑 SL,-0.95%,-0.274%,341126.69,346348.97,-1.51%
2026-01-22 03:00:00,SUI,Short,🛑 SL,-0.98%,-0.282%,340164.23,346348.97,-1.79%
2026-01-22 15:00:00,SUI,Short,Exit Short (Green),1.10%,0.317%,341241.5,346348.97,-1.47%
2026-01-22 23:00:00,SUI,Short,🛑 SL,-0.97%,-0.279%,340288.54,346348.97,-1.75%
2026-01-23 07:00:00,SUI,Short,🛑 SL,-0.99%,-0.285%,339318.64,346348.97,-2.03%
2026-01-23 07:00:00,DOGE,Short,🛑 SL,-0.77%,-0.222%,338566.43,346348.97,-2.25%
2026-01-23 07:00:00,ADA,Short,🛑 SL,-0.85%,-0.245%,337737.91,346348.97,-2.49%
2026-01-23 07:00:00,LTC,Short,🛑 SL,-0.78%,-0.225%,336979.48,346348.97,-2.71%
2026-01-23 15:00:00,DOGE,Short,🛑 SL,-0.77%,-0.222%,336232.45,346348.97,-2.92%
2026-01-23 15:00:00,LTC,Short,🛑 SL,-0.78%,-0.225%,335477.4,346348.97,-3.14%
2026-01-24 15:00:00,BONK,Short,🛑 SL,-1.13%,-0.325%,334386.0,346348.97,-3.45%
2026-01-25 03:00:00,SUI,Short,🛑 SL,-0.97%,-0.279%,333452.18,346348.97,-3.72%
2026-01-25 07:00:00,BNB,Short,Exit Short (Green),0.29%,0.083%,333730.59,346348.97,-3.64%
2026-01-25 19:00:00,LTC,Short,Exit Short (Green),0.68%,0.196%,334383.94,346348.97,-3.45%
2026-01-25 19:00:00,DOGE,Short,Exit Short (Green),2.11%,0.607%,336415.22,346348.97,-2.87%
2026-01-25 19:00:00,SUI,Short,Exit Short (Green),3.63%,1.045%,339931.01,346348.97,-1.85%
2026-01-25 19:00:00,ALGO,Short,Exit Short (Green),0.92%,0.265%,340831.38,346348.97,-1.59%
2026-01-25 19:00:00,ADA,Short,Exit Short (Green),3.89%,1.120%,344648.46,346348.97,-0.49%
2026-01-28 11:00:00,LTC,Short,🛑 SL,-0.73%,-0.210%,343924.12,346348.97,-0.70%
2026-01-28 23:00:00,ADA,Short,🛑 SL,-0.82%,-0.236%,343112.19,346348.97,-0.93%
2026-01-29 03:00:00,DOGE,Short,🛑 SL,-0.75%,-0.216%,342371.33,346348.97,-1.15%
2026-01-29 03:00:00,SUI,Short,Exit Short (Green),0.04%,0.012%,342410.76,346348.97,-1.14%
2026-01-29 03:00:00,LTC,Short,Exit Short (Green),0.67%,0.193%,343071.24,346348.97,-0.95%
2026-01-29 11:00:00,BNB,Short,🛑 SL,-0.43%,-0.124%,342646.53,346348.97,-1.07%
2026-01-29 15:00:00,BONK,Short,Exit Short (Green),4.69%,1.350%,347273.12,347273.12,-0.00%
2026-01-29 19:00:00,ADA,Short,Exit Short (Green),3.83%,1.103%,351102.35,351102.35,-0.00%
2026-01-29 19:00:00,ALGO,Short,Exit Short (Green),3.56%,1.025%,354700.88,354700.88,-0.00%
2026-01-30 03:00:00,BNB,Short,Exit Short (Green),0.99%,0.285%,355711.85,355711.85,-0.00%
2026-01-31 07:00:00,BNB,Short,💰 TP,4.27%,1.229%,360084.74,360084.74,-0.00%
2026-01-31 07:00:00,BONK,Short,🛑 SL,-1.17%,-0.337%,358871.82,360084.74,-0.34%
2026-01-31 11:00:00,LTC,Short,💰 TP,7.89%,2.272%,367023.7,367023.7,-0.00%
2026-01-31 11:00:00,DOGE,Short,💰 TP,7.97%,2.295%,375445.29,375445.29,-0.00%
2026-02-01 11:00:00,BNB,Short,🛑 SL,-0.49%,-0.141%,374915.65,375445.29,-0.14%
2026-02-01 15:00:00,BNB,Short,🛑 SL,-0.49%,-0.141%,374386.75,375445.29,-0.28%
2026-02-01 23:00:00,BNB,Short,🛑 SL,-0.49%,-0.141%,373858.6,375445.29,-0.42%
2026-02-03 15:00:00,SUI,Short,🛑 SL,-1.27%,-0.366%,372491.65,375445.29,-0.79%
2026-02-04 11:00:00,BONK,Short,🛑 SL,-1.32%,-0.380%,371076.08,375445.29,-1.16%
2026-02-04 11:00:00,ADA,Short,🛑 SL,-1.00%,-0.288%,370007.75,375445.29,-1.45%
2026-02-04 11:00:00,DOGE,Short,🛑 SL,-0.89%,-0.256%,369059.67,375445.29,-1.70%
2026-02-04 15:00:00,ADA,Short,🛑 SL,-1.00%,-0.288%,367997.15,375445.29,-1.98%
2026-02-04 15:00:00,DOGE,Short,🛑 SL,-0.89%,-0.256%,367054.23,375445.29,-2.23%
2026-02-04 15:00:00,BNB,Short,💰 TP,5.07%,1.460%,372411.95,375445.29,-0.81%
2026-02-04 23:00:00,DOGE,Short,🛑 SL,-0.89%,-0.256%,371457.71,375445.29,-1.06%
2026-02-05 03:00:00,SUI,Short,🛑 SL,-1.30%,-0.374%,370067.46,375445.29,-1.43%
2026-02-05 11:00:00,ADA,Short,💰 TP,9.99%,2.876%,380711.04,380711.04,-0.00%
2026-02-05 11:00:00,ALGO,Short,💰 TP,8.84%,2.545%,390400.28,390400.28,-0.00%
2026-02-05 15:00:00,LTC,Short,💰 TP,8.86%,2.551%,400358.58,400358.58,-0.00%
2026-02-05 15:00:00,BONK,Short,💰 TP,12.78%,3.679%,415089.23,415089.23,-0.00%
2026-02-09 07:00:00,ALGO,Short,🛑 SL,-0.94%,-0.271%,413965.89,415089.23,-0.27%
2026-02-09 11:00:00,BNB,Short,Exit Short (Green),-0.02%,-0.006%,413942.05,415089.23,-0.28%
2026-02-09 23:00:00,BNB,Short,🛑 SL,-0.60%,-0.173%,413227.01,415089.23,-0.45%
2026-02-10 07:00:00,BONK,Short,🛑 SL,-1.51%,-0.435%,411430.59,415089.23,-0.88%
2026-02-10 11:00:00,BNB,Short,🛑 SL,-0.62%,-0.178%,410696.19,415089.23,-1.06%
2026-02-10 11:00:00,ALGO,Short,Exit Short (Green),1.11%,0.320%,412008.65,415089.23,-0.74%
2026-02-10 11:00:00,DOGE,Short,Exit Short (Green),-0.66%,-0.190%,411225.78,415089.23,-0.93%
2026-02-10 11:00:00,BONK,Short,🛑 SL,-1.51%,-0.435%,409438.06,415089.23,-1.36%
2026-02-10 15:00:00,BNB,Short,🛑 SL,-0.62%,-0.178%,408707.22,415089.23,-1.54%
2026-02-10 19:00:00,DOGE,Short,🛑 SL,-0.98%,-0.282%,407554.09,415089.23,-1.82%
2026-02-11 07:00:00,SUI,Short,Exit Short (Green),0.74%,0.213%,408422.36,415089.23,-1.61%
2026-02-11 07:00:00,LTC,Short,Exit Short (Green),0.42%,0.121%,408916.22,415089.23,-1.49%
2026-02-11 07:00:00,ADA,Short,🛑 SL,-1.07%,-0.308%,407656.54,415089.23,-1.79%
2026-02-11 11:00:00,BNB,Short,Exit Short (Green),3.61%,1.039%,411893.39,415089.23,-0.77%
2026-02-11 15:00:00,DOGE,Short,Exit Short (Green),1.48%,0.426%,413648.44,415089.23,-0.35%
2026-02-11 23:00:00,BONK,Short,🛑 SL,-1.51%,-0.435%,411850.19,415089.23,-0.78%
2026-02-16 11:00:00,SUI,Short,🛑 SL,-1.27%,-0.366%,410344.33,415089.23,-1.14%
2026-02-16 11:00:00,BNB,Short,🛑 SL,-0.58%,-0.167%,409659.13,415089.23,-1.31%
2026-02-17 07:00:00,DOGE,Short,🛑 SL,-0.87%,-0.250%,408633.04,415089.23,-1.56%
2026-02-17 07:00:00,SUI,Short,🛑 SL,-1.25%,-0.360%,407162.47,415089.23,-1.91%
2026-02-17 07:00:00,LTC,Short,🛑 SL,-0.84%,-0.242%,406177.81,415089.23,-2.15%
2026-02-17 11:00:00,BONK,Short,🛑 SL,-1.25%,-0.360%,404716.08,415089.23,-2.50%
2026-02-18 07:00:00,BNB,Short,🛑 SL,-0.58%,-0.167%,404040.27,415089.23,-2.66%
2026-02-18 19:00:00,LTC,Short,Exit Short (Green),-0.28%,-0.081%,403714.57,415089.23,-2.74%
2026-02-18 19:00:00,DOGE,Short,Exit Short (Green),-0.19%,-0.055%,403493.73,415089.23,-2.79%
2026-02-18 19:00:00,BNB,Short,Exit Short (Green),0.74%,0.213%,404353.36,415089.23,-2.59%
2026-02-18 23:00:00,ADA,Short,Exit Short (Green),0.80%,0.230%,405284.67,415089.23,-2.36%
2026-02-18 23:00:00,SUI,Short,Exit Short (Green),3.22%,0.927%,409041.81,415089.23,-1.46%
2026-02-18 23:00:00,BONK,Short,Exit Short (Green),2.03%,0.584%,411432.4,415089.23,-0.88%
2026-02-19 11:00:00,ALGO,Short,🛑 SL,-0.89%,-0.256%,410378.18,415089.23,-1.13%
2026-02-19 15:00:00,LTC,Short,Exit Short (Green),1.00%,0.288%,411559.66,415089.23,-0.85%
2026-02-19 15:00:00,ADA,Short,Exit Short (Green),-0.48%,-0.138%,410990.92,415089.23,-0.99%
2026-02-19 15:00:00,DOGE,Short,Exit Short (Green),0.26%,0.075%,411298.56,415089.23,-0.91%
2026-02-19 15:00:00,BNB,Short,Exit Short (Green),0.77%,0.222%,412210.34,415089.23,-0.69%
2026-02-19 19:00:00,DOGE,Short,🛑 SL,-0.85%,-0.245%,411201.6,415089.23,-0.94%
2026-02-19 23:00:00,DOGE,Short,🛑 SL,-0.85%,-0.245%,410195.33,415089.23,-1.18%
2026-02-19 23:00:00,LTC,Short,🛑 SL,-0.79%,-0.227%,409262.38,415089.23,-1.40%
2026-02-20 03:00:00,ADA,Short,🛑 SL,-0.91%,-0.262%,408190.15,415089.23,-1.66%
2026-02-20 03:00:00,DOGE,Short,🛑 SL,-0.85%,-0.245%,407191.25,415089.23,-1.90%
2026-02-22 19:00:00,ADA,Short,Exit Short (Green),-0.64%,-0.184%,406440.98,415089.23,-2.08%
2026-02-22 19:00:00,DOGE,Short,Exit Short (Green),0.07%,0.020%,406522.89,415089.23,-2.06%
2026-02-22 19:00:00,BONK,Short,Exit Short (Green),-0.99%,-0.285%,405364.21,415089.23,-2.34%
2026-02-22 19:00:00,ALGO,Short,Exit Short (Green),1.03%,0.297%,406566.27,415089.23,-2.05%
2026-02-22 23:00:00,LTC,Short,🛑 SL,-0.78%,-0.225%,405653.27,415089.23,-2.27%
2026-02-23 03:00:00,BNB,Short,Exit Short (Green),0.32%,0.092%,406026.99,415089.23,-2.18%
2026-02-23 03:00:00,SUI,Short,Exit Short (Green),-0.35%,-0.101%,405617.86,415089.23,-2.28%
2026-02-23 15:00:00,LTC,Short,🛑 SL,-0.78%,-0.225%,404707.0,415089.23,-2.50%
2026-02-23 15:00:00,SUI,Short,🛑 SL,-1.39%,-0.400%,403087.44,415089.23,-2.89%
2026-02-23 19:00:00,BNB,Short,Exit Short (Green),0.80%,0.230%,404015.83,415089.23,-2.67%
2026-02-23 19:00:00,ADA,Short,Exit Short (Green),2.87%,0.826%,407354.1,415089.23,-1.86%
2026-02-24 07:00:00,ADA,Short,🛑 SL,-0.92%,-0.265%,406275.15,415089.23,-2.12%
2026-02-24 07:00:00,BONK,Short,Exit Short (Green),-0.35%,-0.101%,405865.77,415089.23,-2.22%
2026-02-24 07:00:00,DOGE,Short,Exit Short (Green),4.56%,1.313%,411194.07,415089.23,-0.94%
2026-02-24 11:00:00,DOGE,Short,🛑 SL,-0.89%,-0.256%,410140.46,415089.23,-1.19%
2026-02-24 11:00:00,BNB,Short,🛑 SL,-0.58%,-0.167%,409455.6,415089.23,-1.36%
2026-02-24 19:00:00,LTC,Short,🛑 SL,-0.76%,-0.219%,408559.7,415089.23,-1.57%
2026-02-24 19:00:00,BNB,Short,🛑 SL,-0.58%,-0.167%,407877.48,415089.23,-1.74%
2026-02-24 19:00:00,DOGE,Short,🛑 SL,-0.89%,-0.256%,406832.37,415089.23,-1.99%
2026-02-24 19:00:00,BONK,Short,🛑 SL,-1.39%,-0.400%,405204.3,415089.23,-2.38%
2026-02-24 23:00:00,DOGE,Short,🛑 SL,-0.89%,-0.256%,404166.04,415089.23,-2.63%
2026-02-24 23:00:00,BONK,Short,🛑 SL,-1.39%,-0.400%,402548.65,415089.23,-3.02%
2026-02-27 19:00:00,BONK,Short,Exit Short (Green),0.67%,0.193%,403325.13,415089.23,-2.83%
2026-02-27 23:00:00,ALGO,Short,🛑 SL,-0.87%,-0.250%,402314.91,415089.23,-3.08%
2026-02-28 07:00:00,ALGO,Short,🛑 SL,-0.87%,-0.250%,401307.22,415089.23,-3.32%
2026-02-28 07:00:00,DOGE,Short,🛑 SL,-0.88%,-0.253%,400290.5,415089.23,-3.57%
2026-02-28 11:00:00,SUI,Short,Exit Short (Green),2.03%,0.584%,402629.95,415089.23,-3.00%
2026-02-28 19:00:00,BONK,Short,🛑 SL,-1.34%,-0.386%,401076.66,415089.23,-3.38%
2026-03-03 11:00:00,ADA,Short,Exit Short (Green),1.32%,0.380%,402600.86,415089.23,-3.01%
2026-03-03 11:00:00,DOGE,Short,Exit Short (Green),0.40%,0.115%,403064.5,415089.23,-2.90%
2026-03-04 07:00:00,ADA,Short,🛑 SL,-0.85%,-0.245%,402078.14,415089.23,-3.13%
2026-03-06 15:00:00,ALGO,Short,Exit Short (Green),0.60%,0.173%,402772.69,415089.23,-2.97%
2026-03-06 15:00:00,ADA,Short,Exit Short (Green),2.54%,0.731%,405718.03,415089.23,-2.26%
2026-03-06 15:00:00,SUI,Short,Exit Short (Green),0.98%,0.282%,406862.73,415089.23,-1.98%
2026-03-06 15:00:00,BONK,Short,Exit Short (Green),1.84%,0.530%,409018.03,415089.23,-1.46%
2026-03-07 11:00:00,ALGO,Short,🛑 SL,-0.82%,-0.236%,408052.43,415089.23,-1.70%
2026-03-07 19:00:00,BNB,Short,Exit Short (Green),0.12%,0.035%,408193.4,415089.23,-1.66%
2026-03-07 19:00:00,ADA,Short,Exit Short (Green),0.48%,0.138%,408757.49,415089.23,-1.53%
2026-03-07 19:00:00,SUI,Short,Exit Short (Green),1.18%,0.340%,410146.13,415089.23,-1.19%
2026-03-07 19:00:00,DOGE,Short,Exit Short (Green),0.08%,0.023%,410240.6,415089.23,-1.17%
2026-03-08 00:00:00,BTC,Long,Stop Loss,-9.53%,-2.859%,398511.82,415089.23,-3.99%
2026-03-08 04:00:00,LTC,Short,🛑 SL,-0.68%,-0.196%,397731.64,415089.23,-4.18%
2026-03-08 04:00:00,BONK,Short,Exit Short (Green),1.91%,0.550%,399918.72,415089.23,-3.65%
2026-03-08 16:00:00,LTC,Short,Exit Short (Green),0.04%,0.012%,399964.78,415089.23,-3.64%
2026-03-09 00:00:00,DOGE,Short,🛑 SL,-0.86%,-0.248%,398974.49,415089.23,-3.88%
2026-03-09 00:00:00,BNB,Short,🛑 SL,-0.51%,-0.147%,398388.68,415089.23,-4.02%
2026-03-09 00:00:00,LTC,Short,🛑 SL,-0.68%,-0.196%,397608.75,415089.23,-4.21%
2026-03-09 04:00:00,LTC,Short,🛑 SL,-0.68%,-0.196%,396830.34,415089.23,-4.40%
2026-03-12 04:00:00,BONK,Short,Exit Short (Green),-0.68%,-0.196%,396053.46,415089.23,-4.59%
2026-03-12 08:00:00,BONK,Short,🛑 SL,-1.20%,-0.345%,394685.17,415089.23,-4.92%
